取引,ユーザー,日時,商品,数量,価格,売上
1,60,2020-01-01 15:38:40,blacktea,1,800,800
2,79,2020-01-01 17:53:34,japanesetea,1,700,700
3,42,2020-01-01 19:34:51,sweets,2,450,900
4,64,2020-01-02 12:17:51,sweets,1,450,450
5,55,2020-01-02 16:39:28,blacktea,1,800,800
6,35,2020-01-02 17:38:06,blacktea,1,800,800
7,22,2020-01-02 19:22:14,blacktea,1,800,800
7,22,2020-01-02 19:22:14,sweets,1,450,450
8,30,2020-01-03 11:23:42,sweets,2,450,900
8,30,2020-01-03 11:23:42,blacktea,1,800,800
9,39,2020-01-03 13:14:31,blacktea,1,800,800
10,64,2020-01-03 17:20:22,blacktea,1,800,800
11,85,2020-01-03 19:05:43,sweets,1,450,450
12,86,2020-01-03 19:39:12,sweets,1,450,450
13,35,2020-01-03 21:45:43,japanesetea,1,700,700
14,71,2020-01-04 11:48:10,misc,2,1200,2400
15,12,2020-01-04 12:24:24,blacktea,1,800,800
16,26,2020-01-04 13:16:23,japanesetea,1,700,700
17,16,2020-01-04 16:12:22,sweets,1,450,450
18,10,2020-01-05 13:58:00,blacktea,1,800,800
19,89,2020-01-05 15:06:02,blacktea,2,800,1600
20,49,2020-01-05 15:26:27,blacktea,1,800,800
21,27,2020-01-05 15:56:40,blacktea,1,800,800
21,27,2020-01-05 15:56:40,sweets,1,450,450
22,8,2020-01-05 17:04:06,sweets,1,450,450
23,47,2020-01-05 18:34:27,sweets,1,450,450
24,47,2020-01-06 11:23:02,sweets,2,450,900
25,3,2020-01-06 14:51:49,sweets,1,450,450
26,21,2020-01-06 15:43:57,blacktea,1,800,800
27,6,2020-01-06 18:32:32,sweets,1,450,450
28,6,2020-01-07 10:34:53,blacktea,1,800,800
29,5,2020-01-07 11:26:48,blacktea,1,800,800
30,6,2020-01-07 11:40:52,sweets,2,450,900
30,6,2020-01-07 11:40:52,japanesetea,2,700,1400
31,39,2020-01-07 11:59:21,misc,1,1200,1200
32,8,2020-01-07 13:05:21,blacktea,1,800,800
33,26,2020-01-07 13:13:24,sweets,1,450,450
34,3,2020-01-07 14:20:38,sweets,1,450,450
35,60,2020-01-07 18:39:13,japanesetea,1,700,700
36,54,2020-01-07 20:24:03,sweets,1,450,450
37,50,2020-01-07 21:05:39,blacktea,1,800,800
38,9,2020-01-08 10:51:48,sweets,1,450,450
39,14,2020-01-08 11:02:10,blacktea,1,800,800
40,64,2020-01-08 14:53:10,japanesetea,3,700,2100
41,40,2020-01-08 15:46:34,sweets,1,450,450
41,40,2020-01-08 15:46:34,blacktea,1,800,800
42,25,2020-01-08 17:39:10,japanesetea,3,700,2100
43,69,2020-01-08 18:48:07,misc,3,1200,3600
44,4,2020-01-08 18:55:07,blacktea,1,800,800
44,4,2020-01-08 18:55:07,japanesetea,2,700,1400
45,8,2020-01-09 12:47:33,sweets,2,450,900
45,8,2020-01-09 12:47:33,japanesetea,1,700,700
46,0,2020-01-09 13:37:17,sweets,1,450,450
47,64,2020-01-09 14:13:18,japanesetea,3,700,2100
47,64,2020-01-09 14:13:18,blacktea,1,800,800
48,96,2020-01-09 16:12:13,sweets,1,450,450
48,96,2020-01-09 16:12:13,blacktea,5,800,4000
48,96,2020-01-09 16:12:13,japanesetea,1,700,700
49,85,2020-01-09 19:58:19,sweets,1,450,450
50,13,2020-01-09 20:34:56,japanesetea,1,700,700
51,31,2020-01-09 21:05:59,blacktea,1,800,800
51,31,2020-01-09 21:05:59,sweets,1,450,450
52,22,2020-01-10 17:00:13,blacktea,1,800,800
53,18,2020-01-10 17:41:02,blacktea,1,800,800
54,11,2020-01-10 21:09:03,japanesetea,3,700,2100
55,69,2020-01-11 11:33:58,blacktea,2,800,1600
56,79,2020-01-11 16:44:28,sweets,1,450,450
57,85,2020-01-11 20:16:00,sweets,1,450,450
58,38,2020-01-12 11:45:51,japanesetea,1,700,700
59,19,2020-01-12 13:34:18,japanesetea,1,700,700
60,46,2020-01-12 15:04:50,blacktea,1,800,800
61,44,2020-01-12 15:58:35,japanesetea,1,700,700
62,71,2020-01-12 18:47:00,sweets,1,450,450
63,13,2020-01-12 19:17:52,blacktea,1,800,800
64,52,2020-01-12 21:25:34,blacktea,1,800,800
65,31,2020-01-13 10:39:04,misc,1,1200,1200
66,54,2020-01-13 11:22:42,misc,1,1200,1200
67,22,2020-01-13 15:11:08,blacktea,1,800,800
68,8,2020-01-13 16:42:03,blacktea,1,800,800
69,87,2020-01-13 16:45:38,misc,1,1200,1200
70,89,2020-01-13 17:56:03,japanesetea,1,700,700
71,62,2020-01-13 20:55:27,blacktea,1,800,800
72,50,2020-01-14 12:29:12,misc,1,1200,1200
73,52,2020-01-14 14:03:33,blacktea,1,800,800
74,91,2020-01-14 21:13:53,sweets,1,450,450
74,91,2020-01-14 21:13:53,japanesetea,3,700,2100
75,37,2020-01-14 21:15:58,blacktea,1,800,800
76,39,2020-01-15 11:15:04,sweets,1,450,450
77,1,2020-01-15 11:51:34,japanesetea,3,700,2100
78,19,2020-01-15 12:02:53,blacktea,2,800,1600
79,94,2020-01-15 13:38:14,japanesetea,1,700,700
80,48,2020-01-15 16:26:14,blacktea,1,800,800
81,42,2020-01-15 16:50:49,japanesetea,3,700,2100
81,42,2020-01-15 16:50:49,blacktea,1,800,800
82,48,2020-01-15 19:38:30,japanesetea,4,700,2800
83,62,2020-01-15 20:59:22,sweets,1,450,450
84,31,2020-01-16 11:36:48,blacktea,1,800,800
84,31,2020-01-16 11:36:48,japanesetea,1,700,700
85,38,2020-01-16 11:37:03,sweets,1,450,450
85,38,2020-01-16 11:37:03,japanesetea,2,700,1400
86,63,2020-01-16 12:34:58,misc,1,1200,1200
87,46,2020-01-16 19:02:32,blacktea,1,800,800
88,16,2020-01-16 19:49:10,blacktea,2,800,1600
89,26,2020-01-16 20:29:53,japanesetea,2,700,1400
90,47,2020-01-16 20:47:16,japanesetea,1,700,700
90,47,2020-01-16 20:47:16,sweets,1,450,450
91,6,2020-01-17 12:55:20,sweets,1,450,450
92,15,2020-01-17 13:08:58,japanesetea,1,700,700
93,1,2020-01-17 14:54:08,sweets,1,450,450
94,7,2020-01-17 16:24:39,japanesetea,4,700,2800
95,10,2020-01-17 16:31:09,blacktea,1,800,800
96,0,2020-01-17 18:07:57,blacktea,1,800,800
96,0,2020-01-17 18:07:57,japanesetea,2,700,1400
97,53,2020-01-17 20:54:31,japanesetea,2,700,1400
97,53,2020-01-17 20:54:31,sweets,1,450,450
97,53,2020-01-17 20:54:31,blacktea,1,800,800
98,90,2020-01-17 21:18:01,misc,1,1200,1200
99,14,2020-01-17 21:31:26,blacktea,1,800,800
100,82,2020-01-17 21:58:05,misc,1,1200,1200
101,71,2020-01-18 10:55:49,blacktea,5,800,4000
102,4,2020-01-18 11:05:35,sweets,1,450,450
102,4,2020-01-18 11:05:35,blacktea,1,800,800
103,84,2020-01-18 16:52:54,sweets,1,450,450
104,48,2020-01-18 19:08:21,misc,1,1200,1200
105,98,2020-01-18 20:57:20,japanesetea,1,700,700
106,62,2020-01-18 21:53:59,blacktea,1,800,800
107,28,2020-01-19 10:37:27,blacktea,1,800,800
108,14,2020-01-19 12:19:20,sweets,1,450,450
108,14,2020-01-19 12:19:20,blacktea,1,800,800
109,7,2020-01-19 13:23:11,blacktea,1,800,800
110,16,2020-01-19 14:04:49,sweets,2,450,900
111,39,2020-01-19 17:19:36,misc,1,1200,1200
111,39,2020-01-19 17:19:36,sweets,1,450,450
111,39,2020-01-19 17:19:36,blacktea,2,800,1600
112,39,2020-01-19 18:37:01,blacktea,1,800,800
112,39,2020-01-19 18:37:01,misc,3,1200,3600
113,52,2020-01-20 13:23:58,blacktea,1,800,800
114,0,2020-01-20 15:39:32,blacktea,1,800,800
115,69,2020-01-20 15:47:18,sweets,2,450,900
116,48,2020-01-20 15:52:31,japanesetea,1,700,700
117,27,2020-01-20 21:31:54,sweets,1,450,450
117,27,2020-01-20 21:31:54,blacktea,1,800,800
118,8,2020-01-21 10:04:06,sweets,1,450,450
119,20,2020-01-21 10:11:55,japanesetea,1,700,700
119,20,2020-01-21 10:11:55,blacktea,1,800,800
120,98,2020-01-21 13:04:53,blacktea,3,800,2400
121,40,2020-01-21 14:08:15,blacktea,1,800,800
122,5,2020-01-21 14:38:26,blacktea,1,800,800
123,51,2020-01-21 15:15:02,japanesetea,3,700,2100
123,51,2020-01-21 15:15:02,sweets,2,450,900
123,51,2020-01-21 15:15:02,blacktea,1,800,800
124,24,2020-01-21 16:21:37,japanesetea,2,700,1400
125,10,2020-01-21 17:27:04,blacktea,2,800,1600
126,48,2020-01-21 21:27:27,blacktea,2,800,1600
127,55,2020-01-22 10:23:28,blacktea,1,800,800
128,22,2020-01-22 10:55:08,blacktea,1,800,800
129,25,2020-01-22 15:27:27,blacktea,1,800,800
130,75,2020-01-22 16:22:50,blacktea,3,800,2400
130,75,2020-01-22 16:22:50,sweets,1,450,450
131,62,2020-01-22 16:31:09,japanesetea,2,700,1400
132,38,2020-01-22 20:30:09,blacktea,1,800,800
133,95,2020-01-22 20:47:10,japanesetea,1,700,700
134,34,2020-01-23 14:25:21,japanesetea,1,700,700
134,34,2020-01-23 14:25:21,blacktea,1,800,800
135,30,2020-01-24 10:27:49,sweets,1,450,450
135,30,2020-01-24 10:27:49,blacktea,2,800,1600
136,34,2020-01-24 11:03:22,japanesetea,3,700,2100
137,42,2020-01-24 14:21:28,blacktea,1,800,800
137,42,2020-01-24 14:21:28,sweets,1,450,450
138,38,2020-01-24 15:13:20,japanesetea,1,700,700
139,68,2020-01-24 20:14:18,blacktea,1,800,800
140,53,2020-01-25 10:41:18,blacktea,1,800,800
141,66,2020-01-25 13:03:22,blacktea,1,800,800
142,16,2020-01-25 13:17:09,japanesetea,3,700,2100
143,0,2020-01-25 18:30:38,blacktea,1,800,800
144,37,2020-01-25 18:51:52,japanesetea,1,700,700
145,50,2020-01-26 11:35:16,japanesetea,2,700,1400
146,12,2020-01-26 13:33:22,blacktea,1,800,800
146,12,2020-01-26 13:33:22,japanesetea,1,700,700
147,8,2020-01-26 16:21:58,sweets,1,450,450
148,0,2020-01-26 21:21:09,sweets,3,450,1350
149,41,2020-01-27 13:43:57,blacktea,1,800,800
149,41,2020-01-27 13:43:57,japanesetea,1,700,700
150,48,2020-01-27 15:12:48,japanesetea,2,700,1400
150,48,2020-01-27 15:12:48,blacktea,1,800,800
151,49,2020-01-27 15:35:09,japanesetea,1,700,700
152,55,2020-01-27 17:07:37,misc,1,1200,1200
153,66,2020-01-27 19:23:52,blacktea,1,800,800
154,26,2020-01-27 20:06:48,sweets,2,450,900
155,83,2020-01-27 21:15:56,sweets,1,450,450
156,36,2020-01-28 10:25:44,sweets,1,450,450
156,36,2020-01-28 10:25:44,japanesetea,2,700,1400
156,36,2020-01-28 10:25:44,blacktea,1,800,800
157,22,2020-01-28 10:41:32,blacktea,1,800,800
158,25,2020-01-28 12:33:05,blacktea,1,800,800
158,25,2020-01-28 12:33:05,japanesetea,3,700,2100
159,91,2020-01-28 13:10:33,japanesetea,1,700,700
160,31,2020-01-28 13:26:34,sweets,1,450,450
161,26,2020-01-28 14:17:53,japanesetea,6,700,4200
161,26,2020-01-28 14:17:53,misc,1,1200,1200
162,55,2020-01-28 14:19:41,sweets,1,450,450
162,55,2020-01-28 14:19:41,blacktea,1,800,800
163,63,2020-01-28 14:41:52,blacktea,1,800,800
163,63,2020-01-28 14:41:52,sweets,1,450,450
164,26,2020-01-28 16:35:05,blacktea,1,800,800
165,24,2020-01-28 18:25:04,sweets,2,450,900
166,9,2020-01-28 19:30:29,sweets,1,450,450
166,9,2020-01-28 19:30:29,blacktea,1,800,800
166,9,2020-01-28 19:30:29,japanesetea,2,700,1400
167,37,2020-01-28 21:11:12,japanesetea,1,700,700
168,48,2020-01-29 15:02:51,misc,2,1200,2400
168,48,2020-01-29 15:02:51,japanesetea,2,700,1400
168,48,2020-01-29 15:02:51,blacktea,1,800,800
169,55,2020-01-29 15:57:16,blacktea,1,800,800
170,29,2020-01-29 21:12:34,blacktea,1,800,800
171,55,2020-01-30 16:29:06,blacktea,2,800,1600
172,46,2020-01-30 20:43:17,japanesetea,1,700,700
173,52,2020-01-31 11:20:21,japanesetea,2,700,1400
174,66,2020-01-31 18:28:36,blacktea,1,800,800
175,0,2020-01-31 19:31:40,blacktea,1,800,800
176,35,2020-01-31 21:20:08,japanesetea,1,700,700
177,17,2020-02-01 10:29:44,blacktea,1,800,800
178,1,2020-02-01 11:28:34,blacktea,1,800,800
179,84,2020-02-01 12:19:18,japanesetea,1,700,700
180,40,2020-02-01 12:55:17,japanesetea,4,700,2800
181,13,2020-02-01 16:17:40,blacktea,1,800,800
181,13,2020-02-01 16:17:40,misc,1,1200,1200
181,13,2020-02-01 16:17:40,japanesetea,1,700,700
182,78,2020-02-01 20:07:43,japanesetea,1,700,700
183,23,2020-02-02 10:37:28,blacktea,1,800,800
184,13,2020-02-02 17:49:20,japanesetea,4,700,2800
185,39,2020-02-02 19:37:33,japanesetea,1,700,700
185,39,2020-02-02 19:37:33,blacktea,1,800,800
186,81,2020-02-03 10:50:25,blacktea,1,800,800
187,24,2020-02-03 12:53:10,japanesetea,6,700,4200
188,26,2020-02-03 13:38:52,blacktea,1,800,800
189,28,2020-02-03 15:23:47,blacktea,1,800,800
190,59,2020-02-03 18:55:32,blacktea,1,800,800
191,38,2020-02-04 11:47:31,blacktea,1,800,800
192,41,2020-02-04 13:51:34,blacktea,1,800,800
193,92,2020-02-04 17:43:32,blacktea,5,800,4000
194,53,2020-02-05 13:20:19,sweets,1,450,450
195,93,2020-02-05 15:42:37,sweets,1,450,450
196,5,2020-02-05 16:41:55,blacktea,1,800,800
197,45,2020-02-05 17:35:41,japanesetea,1,700,700
198,32,2020-02-05 19:35:15,misc,1,1200,1200
199,52,2020-02-05 20:16:21,sweets,1,450,450
200,9,2020-02-06 10:34:16,sweets,1,450,450
201,55,2020-02-06 18:08:01,blacktea,1,800,800
202,53,2020-02-06 18:21:53,blacktea,1,800,800
203,57,2020-02-07 11:00:53,japanesetea,1,700,700
203,57,2020-02-07 11:00:53,blacktea,1,800,800
204,6,2020-02-07 13:09:01,japanesetea,1,700,700
205,12,2020-02-07 14:35:08,japanesetea,2,700,1400
206,66,2020-02-07 14:43:33,sweets,1,450,450
206,66,2020-02-07 14:43:33,blacktea,1,800,800
207,34,2020-02-07 16:49:27,japanesetea,2,700,1400
208,29,2020-02-07 20:46:53,blacktea,1,800,800
209,31,2020-02-07 20:54:30,sweets,1,450,450
210,97,2020-02-07 21:05:57,japanesetea,1,700,700
211,96,2020-02-08 11:40:56,misc,3,1200,3600
212,92,2020-02-08 11:55:38,sweets,1,450,450
213,55,2020-02-08 12:32:48,japanesetea,1,700,700
214,93,2020-02-08 15:47:50,japanesetea,1,700,700
215,46,2020-02-08 20:10:07,sweets,1,450,450
215,46,2020-02-08 20:10:07,blacktea,1,800,800
216,38,2020-02-08 21:24:21,japanesetea,1,700,700
217,29,2020-02-09 11:42:36,blacktea,1,800,800
218,27,2020-02-09 13:57:41,blacktea,1,800,800
219,60,2020-02-09 19:43:08,blacktea,1,800,800
220,34,2020-02-09 20:41:42,japanesetea,3,700,2100
220,34,2020-02-09 20:41:42,blacktea,1,800,800
221,31,2020-02-10 13:18:03,sweets,1,450,450
222,18,2020-02-10 14:55:01,japanesetea,1,700,700
222,18,2020-02-10 14:55:01,blacktea,1,800,800
223,37,2020-02-10 15:38:46,japanesetea,1,700,700
224,22,2020-02-10 16:46:37,sweets,2,450,900
225,6,2020-02-10 17:36:52,japanesetea,3,700,2100
226,29,2020-02-10 19:26:30,blacktea,2,800,1600
227,54,2020-02-11 12:44:43,blacktea,1,800,800
228,55,2020-02-11 16:07:25,blacktea,1,800,800
229,33,2020-02-11 16:50:52,blacktea,1,800,800
230,54,2020-02-11 17:03:02,blacktea,1,800,800
230,54,2020-02-11 17:03:02,japanesetea,2,700,1400
231,34,2020-02-11 20:48:10,blacktea,1,800,800
232,4,2020-02-12 10:12:12,blacktea,1,800,800
233,76,2020-02-12 10:29:38,sweets,1,450,450
234,67,2020-02-12 11:06:11,japanesetea,3,700,2100
235,44,2020-02-12 11:26:42,japanesetea,2,700,1400
235,44,2020-02-12 11:26:42,blacktea,1,800,800
236,93,2020-02-12 15:18:02,japanesetea,2,700,1400
237,58,2020-02-12 18:31:53,misc,2,1200,2400
237,58,2020-02-12 18:31:53,blacktea,1,800,800
237,58,2020-02-12 18:31:53,sweets,1,450,450
238,91,2020-02-13 12:28:04,japanesetea,1,700,700
239,84,2020-02-13 13:54:52,misc,1,1200,1200
240,24,2020-02-13 15:58:18,blacktea,1,800,800
241,15,2020-02-13 16:52:00,blacktea,2,800,1600
242,51,2020-02-13 17:40:36,blacktea,1,800,800
243,17,2020-02-13 18:29:57,japanesetea,2,700,1400
244,11,2020-02-13 21:03:28,blacktea,1,800,800
245,62,2020-02-13 21:18:39,blacktea,1,800,800
246,33,2020-02-14 11:26:20,japanesetea,3,700,2100
247,43,2020-02-14 15:14:36,blacktea,1,800,800
248,44,2020-02-14 16:19:34,sweets,1,450,450
249,56,2020-02-14 16:21:30,sweets,1,450,450
250,13,2020-02-14 20:57:01,japanesetea,2,700,1400
251,81,2020-02-15 11:10:34,japanesetea,1,700,700
251,81,2020-02-15 11:10:34,sweets,1,450,450
252,17,2020-02-15 12:37:03,blacktea,1,800,800
253,51,2020-02-15 14:17:40,blacktea,1,800,800
254,28,2020-02-15 15:19:26,blacktea,1,800,800
255,10,2020-02-15 16:23:33,blacktea,1,800,800
256,41,2020-02-15 18:53:01,japanesetea,1,700,700
257,50,2020-02-15 19:21:53,sweets,1,450,450
258,52,2020-02-16 15:08:50,blacktea,1,800,800
259,99,2020-02-16 15:54:37,japanesetea,1,700,700
260,37,2020-02-16 19:27:56,japanesetea,2,700,1400
261,62,2020-02-16 20:03:12,misc,2,1200,2400
262,46,2020-02-17 10:09:42,blacktea,1,800,800
263,41,2020-02-17 11:42:25,blacktea,1,800,800
263,41,2020-02-17 11:42:25,japanesetea,2,700,1400
263,41,2020-02-17 11:42:25,sweets,1,450,450
264,42,2020-02-17 13:04:18,sweets,1,450,450
265,40,2020-02-17 17:39:04,blacktea,1,800,800
266,35,2020-02-17 19:43:38,japanesetea,3,700,2100
267,55,2020-02-18 15:02:23,japanesetea,3,700,2100
267,55,2020-02-18 15:02:23,blacktea,1,800,800
268,1,2020-02-18 16:06:39,sweets,2,450,900
269,21,2020-02-18 16:09:48,blacktea,1,800,800
269,21,2020-02-18 16:09:48,japanesetea,2,700,1400
270,31,2020-02-18 16:31:38,blacktea,2,800,1600
270,31,2020-02-18 16:31:38,japanesetea,1,700,700
271,58,2020-02-18 18:41:15,japanesetea,6,700,4200
272,17,2020-02-18 19:11:42,japanesetea,1,700,700
273,51,2020-02-18 19:24:34,japanesetea,1,700,700
274,79,2020-02-18 21:39:37,japanesetea,1,700,700
275,17,2020-02-19 10:54:03,sweets,1,450,450
275,17,2020-02-19 10:54:03,japanesetea,1,700,700
275,17,2020-02-19 10:54:03,blacktea,1,800,800
276,54,2020-02-19 12:28:10,sweets,1,450,450
277,32,2020-02-19 13:11:41,blacktea,1,800,800
278,61,2020-02-19 14:28:18,japanesetea,2,700,1400
279,40,2020-02-19 14:54:24,japanesetea,1,700,700
280,8,2020-02-19 21:15:29,japanesetea,1,700,700
280,8,2020-02-19 21:15:29,blacktea,2,800,1600
281,2,2020-02-20 10:23:18,blacktea,1,800,800
281,2,2020-02-20 10:23:18,sweets,1,450,450
282,6,2020-02-20 13:06:24,blacktea,1,800,800
283,4,2020-02-20 14:49:40,blacktea,1,800,800
284,63,2020-02-20 15:07:08,blacktea,1,800,800
285,23,2020-02-20 15:48:31,sweets,1,450,450
285,23,2020-02-20 15:48:31,blacktea,1,800,800
285,23,2020-02-20 15:48:31,japanesetea,2,700,1400
285,23,2020-02-20 15:48:31,misc,2,1200,2400
286,9,2020-02-20 17:36:55,sweets,1,450,450
286,9,2020-02-20 17:36:55,blacktea,1,800,800
287,31,2020-02-20 19:01:53,misc,3,1200,3600
288,5,2020-02-21 10:42:57,blacktea,1,800,800
289,7,2020-02-21 11:06:24,blacktea,1,800,800
290,25,2020-02-21 18:12:33,japanesetea,1,700,700
291,29,2020-02-22 12:49:58,japanesetea,1,700,700
292,77,2020-02-22 14:54:09,sweets,1,450,450
292,77,2020-02-22 14:54:09,japanesetea,1,700,700
293,68,2020-02-22 18:17:57,blacktea,1,800,800
294,32,2020-02-22 19:43:14,japanesetea,2,700,1400
295,8,2020-02-23 12:05:45,misc,1,1200,1200
296,6,2020-02-23 12:25:19,sweets,1,450,450
296,6,2020-02-23 12:25:19,blacktea,1,800,800
297,23,2020-02-23 14:06:46,sweets,1,450,450
298,47,2020-02-23 15:14:05,misc,1,1200,1200
298,47,2020-02-23 15:14:05,japanesetea,2,700,1400
299,14,2020-02-23 20:09:13,japanesetea,2,700,1400
300,62,2020-02-24 16:30:19,japanesetea,4,700,2800
300,62,2020-02-24 16:30:19,misc,1,1200,1200
301,62,2020-02-24 21:26:45,japanesetea,3,700,2100
302,33,2020-02-25 12:36:39,blacktea,1,800,800
303,78,2020-02-25 15:38:01,sweets,1,450,450
303,78,2020-02-25 15:38:01,blacktea,4,800,3200
304,68,2020-02-25 17:30:04,japanesetea,1,700,700
304,68,2020-02-25 17:30:04,blacktea,1,800,800
305,23,2020-02-25 18:30:17,blacktea,1,800,800
306,65,2020-02-25 18:56:13,blacktea,1,800,800
307,58,2020-02-26 10:57:32,japanesetea,2,700,1400
308,62,2020-02-26 12:02:09,blacktea,1,800,800
309,39,2020-02-26 18:41:04,sweets,1,450,450
310,26,2020-02-27 10:43:11,japanesetea,3,700,2100
311,34,2020-02-27 12:17:20,blacktea,1,800,800
312,19,2020-02-27 14:30:35,japanesetea,1,700,700
313,80,2020-02-27 21:05:05,misc,1,1200,1200
314,61,2020-02-28 13:30:00,japanesetea,1,700,700
315,50,2020-02-28 15:28:42,blacktea,1,800,800
315,50,2020-02-28 15:28:42,sweets,2,450,900
315,50,2020-02-28 15:28:42,misc,2,1200,2400
315,50,2020-02-28 15:28:42,japanesetea,1,700,700
316,66,2020-02-28 17:51:35,blacktea,1,800,800
316,66,2020-02-28 17:51:35,sweets,1,450,450
317,82,2020-02-28 19:07:33,blacktea,1,800,800
318,52,2020-02-28 20:54:11,blacktea,1,800,800
319,41,2020-02-28 21:38:05,japanesetea,3,700,2100
319,41,2020-02-28 21:38:05,blacktea,1,800,800
320,77,2020-02-29 11:07:18,japanesetea,1,700,700
321,64,2020-02-29 11:44:27,sweets,1,450,450
321,64,2020-02-29 11:44:27,blacktea,1,800,800
322,46,2020-02-29 12:41:23,japanesetea,3,700,2100
322,46,2020-02-29 12:41:23,blacktea,1,800,800
323,19,2020-02-29 20:56:07,blacktea,1,800,800
324,62,2020-03-01 10:55:58,japanesetea,1,700,700
325,33,2020-03-01 12:32:25,sweets,1,450,450
326,99,2020-03-01 15:48:33,japanesetea,1,700,700
327,64,2020-03-01 18:12:29,japanesetea,1,700,700
328,57,2020-03-02 10:26:45,blacktea,1,800,800
329,38,2020-03-02 11:53:36,blacktea,1,800,800
330,96,2020-03-02 13:21:57,sweets,1,450,450
331,50,2020-03-02 16:49:06,japanesetea,4,700,2800
331,50,2020-03-02 16:49:06,blacktea,2,800,1600
332,65,2020-03-02 21:17:59,blacktea,1,800,800
333,13,2020-03-03 10:24:01,sweets,1,450,450
334,87,2020-03-03 10:59:29,blacktea,2,800,1600
335,90,2020-03-03 11:03:23,sweets,1,450,450
336,11,2020-03-03 11:37:47,blacktea,1,800,800
337,65,2020-03-03 12:56:27,sweets,1,450,450
337,65,2020-03-03 12:56:27,blacktea,1,800,800
338,69,2020-03-03 13:52:05,blacktea,1,800,800
339,50,2020-03-03 14:19:32,japanesetea,1,700,700
339,50,2020-03-03 14:19:32,blacktea,2,800,1600
340,8,2020-03-03 19:02:57,japanesetea,1,700,700
341,34,2020-03-04 13:44:57,blacktea,1,800,800
342,58,2020-03-04 17:08:23,japanesetea,4,700,2800
342,58,2020-03-04 17:08:23,blacktea,1,800,800
342,58,2020-03-04 17:08:23,misc,2,1200,2400
342,58,2020-03-04 17:08:23,sweets,1,450,450
343,53,2020-03-04 19:40:10,sweets,1,450,450
343,53,2020-03-04 19:40:10,japanesetea,3,700,2100
344,17,2020-03-04 19:54:54,japanesetea,3,700,2100
345,34,2020-03-04 21:45:20,sweets,1,450,450
346,68,2020-03-05 12:27:13,japanesetea,3,700,2100
347,58,2020-03-05 16:06:52,japanesetea,1,700,700
348,20,2020-03-05 16:12:00,blacktea,1,800,800
349,39,2020-03-05 16:57:11,japanesetea,1,700,700
350,69,2020-03-05 18:21:09,sweets,1,450,450
351,26,2020-03-05 18:32:27,blacktea,1,800,800
352,35,2020-03-05 20:25:55,blacktea,1,800,800
353,29,2020-03-05 20:29:03,blacktea,1,800,800
354,9,2020-03-06 10:08:00,sweets,1,450,450
354,9,2020-03-06 10:08:00,blacktea,1,800,800
355,16,2020-03-06 11:26:26,misc,1,1200,1200
356,52,2020-03-06 19:03:01,sweets,1,450,450
357,45,2020-03-06 21:24:05,blacktea,1,800,800
358,20,2020-03-07 16:19:48,blacktea,1,800,800
359,80,2020-03-07 18:05:27,sweets,1,450,450
360,36,2020-03-07 18:09:18,japanesetea,2,700,1400
361,64,2020-03-07 18:27:13,sweets,1,450,450
361,64,2020-03-07 18:27:13,japanesetea,1,700,700
361,64,2020-03-07 18:27:13,misc,2,1200,2400
361,64,2020-03-07 18:27:13,blacktea,1,800,800
362,98,2020-03-07 18:53:59,blacktea,4,800,3200
362,98,2020-03-07 18:53:59,sweets,1,450,450
363,35,2020-03-07 18:59:31,misc,1,1200,1200
364,18,2020-03-07 19:48:05,japanesetea,2,700,1400
365,63,2020-03-08 10:23:19,japanesetea,3,700,2100
366,10,2020-03-08 10:28:46,japanesetea,3,700,2100
367,49,2020-03-08 10:55:04,sweets,1,450,450
368,5,2020-03-08 11:06:23,japanesetea,1,700,700
369,45,2020-03-08 11:11:47,japanesetea,4,700,2800
370,33,2020-03-08 11:53:56,blacktea,1,800,800
371,48,2020-03-08 12:30:12,blacktea,2,800,1600
372,15,2020-03-08 21:12:14,japanesetea,2,700,1400
372,15,2020-03-08 21:12:14,sweets,3,450,1350
372,15,2020-03-08 21:12:14,blacktea,1,800,800
373,29,2020-03-09 10:13:12,blacktea,1,800,800
374,34,2020-03-09 12:31:49,japanesetea,2,700,1400
374,34,2020-03-09 12:31:49,blacktea,1,800,800
375,31,2020-03-09 14:08:43,blacktea,1,800,800
376,35,2020-03-09 19:17:53,japanesetea,3,700,2100
377,58,2020-03-09 19:45:02,blacktea,1,800,800
377,58,2020-03-09 19:45:02,sweets,1,450,450
378,41,2020-03-09 19:50:08,blacktea,2,800,1600
378,41,2020-03-09 19:50:08,japanesetea,2,700,1400
378,41,2020-03-09 19:50:08,sweets,1,450,450
379,86,2020-03-09 20:14:59,sweets,1,450,450
380,61,2020-03-09 20:33:46,blacktea,1,800,800
380,61,2020-03-09 20:33:46,sweets,1,450,450
381,51,2020-03-09 21:46:42,blacktea,1,800,800
381,51,2020-03-09 21:46:42,japanesetea,3,700,2100
382,64,2020-03-10 19:40:52,blacktea,1,800,800
383,57,2020-03-10 21:41:36,japanesetea,2,700,1400
384,33,2020-03-11 10:27:14,japanesetea,1,700,700
385,7,2020-03-11 10:54:40,japanesetea,1,700,700
386,64,2020-03-11 12:47:49,blacktea,1,800,800
387,36,2020-03-11 13:34:08,blacktea,1,800,800
388,23,2020-03-11 15:15:01,sweets,1,450,450
389,79,2020-03-11 15:17:55,japanesetea,2,700,1400
390,60,2020-03-11 17:16:00,blacktea,1,800,800
391,1,2020-03-11 20:37:11,blacktea,1,800,800
392,28,2020-03-11 20:57:00,blacktea,1,800,800
393,67,2020-03-12 12:23:58,blacktea,1,800,800
394,37,2020-03-12 13:49:02,blacktea,1,800,800
395,65,2020-03-12 16:31:47,blacktea,1,800,800
396,67,2020-03-13 11:17:20,blacktea,1,800,800
397,18,2020-03-13 12:58:51,sweets,1,450,450
398,17,2020-03-13 16:22:44,blacktea,1,800,800
399,64,2020-03-13 17:38:41,misc,1,1200,1200
400,53,2020-03-13 18:29:13,japanesetea,2,700,1400
401,62,2020-03-13 20:07:22,sweets,2,450,900
401,62,2020-03-13 20:07:22,blacktea,1,800,800
401,62,2020-03-13 20:07:22,japanesetea,1,700,700
402,42,2020-03-13 20:57:17,sweets,2,450,900
403,35,2020-03-14 12:34:12,japanesetea,3,700,2100
404,21,2020-03-14 15:31:10,japanesetea,1,700,700
405,60,2020-03-14 16:47:12,blacktea,2,800,1600
406,96,2020-03-14 16:56:58,sweets,1,450,450
407,24,2020-03-14 18:46:14,japanesetea,4,700,2800
407,24,2020-03-14 18:46:14,blacktea,1,800,800
407,24,2020-03-14 18:46:14,sweets,2,450,900
408,7,2020-03-14 19:16:29,japanesetea,1,700,700
409,5,2020-03-14 19:50:07,blacktea,1,800,800
410,63,2020-03-15 10:30:35,sweets,2,450,900
410,63,2020-03-15 10:30:35,japanesetea,4,700,2800
410,63,2020-03-15 10:30:35,blacktea,3,800,2400
411,56,2020-03-15 10:56:16,blacktea,2,800,1600
412,13,2020-03-15 12:33:36,sweets,1,450,450
413,71,2020-03-16 10:34:36,sweets,1,450,450
414,29,2020-03-16 12:00:57,blacktea,1,800,800
415,52,2020-03-16 12:56:35,misc,1,1200,1200
415,52,2020-03-16 12:56:35,japanesetea,1,700,700
415,52,2020-03-16 12:56:35,blacktea,1,800,800
416,18,2020-03-16 14:14:34,blacktea,2,800,1600
416,18,2020-03-16 14:14:34,japanesetea,5,700,3500
417,55,2020-03-16 18:05:45,sweets,2,450,900
417,55,2020-03-16 18:05:45,blacktea,1,800,800
418,5,2020-03-17 20:13:23,blacktea,1,800,800
419,66,2020-03-17 20:28:51,sweets,1,450,450
419,66,2020-03-17 20:28:51,blacktea,1,800,800
420,40,2020-03-18 11:10:37,blacktea,1,800,800
421,59,2020-03-18 13:54:07,sweets,1,450,450
422,17,2020-03-18 15:57:25,blacktea,1,800,800
422,17,2020-03-18 15:57:25,japanesetea,4,700,2800
423,60,2020-03-18 21:07:20,blacktea,1,800,800
424,35,2020-03-18 21:54:38,blacktea,1,800,800
425,35,2020-03-19 15:13:09,sweets,1,450,450
426,95,2020-03-19 19:29:51,sweets,1,450,450
427,23,2020-03-20 13:41:14,blacktea,1,800,800
428,68,2020-03-20 13:59:00,blacktea,1,800,800
429,0,2020-03-20 14:18:06,sweets,3,450,1350
430,8,2020-03-20 17:12:49,japanesetea,2,700,1400
430,8,2020-03-20 17:12:49,blacktea,1,800,800
431,5,2020-03-20 19:01:35,japanesetea,5,700,3500
432,52,2020-03-20 19:44:53,blacktea,1,800,800
433,69,2020-03-21 12:39:13,blacktea,1,800,800
434,5,2020-03-21 16:50:13,sweets,1,450,450
435,78,2020-03-21 19:23:54,sweets,1,450,450
436,11,2020-03-21 19:34:48,japanesetea,1,700,700
437,4,2020-03-21 19:47:15,japanesetea,1,700,700
438,63,2020-03-21 20:10:37,blacktea,1,800,800
439,49,2020-03-21 20:46:52,blacktea,1,800,800
439,49,2020-03-21 20:46:52,japanesetea,2,700,1400
439,49,2020-03-21 20:46:52,sweets,1,450,450
440,15,2020-03-22 10:42:47,blacktea,1,800,800
441,25,2020-03-22 13:33:44,japanesetea,2,700,1400
442,32,2020-03-22 14:38:22,blacktea,1,800,800
442,32,2020-03-22 14:38:22,japanesetea,1,700,700
443,30,2020-03-22 16:07:59,japanesetea,1,700,700
444,58,2020-03-22 16:28:56,blacktea,1,800,800
445,55,2020-03-22 16:38:47,blacktea,1,800,800
446,11,2020-03-22 18:10:27,sweets,1,450,450
446,11,2020-03-22 18:10:27,blacktea,1,800,800
447,88,2020-03-22 18:52:27,misc,1,1200,1200
448,55,2020-03-22 20:44:16,japanesetea,1,700,700
448,55,2020-03-22 20:44:16,blacktea,1,800,800
449,26,2020-03-22 20:46:08,blacktea,1,800,800
450,21,2020-03-22 21:47:10,blacktea,1,800,800
450,21,2020-03-22 21:47:10,japanesetea,1,700,700
451,3,2020-03-23 11:11:53,misc,1,1200,1200
452,14,2020-03-23 16:12:54,blacktea,2,800,1600
453,67,2020-03-24 14:15:24,japanesetea,1,700,700
454,41,2020-03-24 16:12:26,blacktea,1,800,800
455,89,2020-03-24 19:59:19,sweets,2,450,900
456,39,2020-03-24 20:31:13,misc,1,1200,1200
456,39,2020-03-24 20:31:13,japanesetea,1,700,700
456,39,2020-03-24 20:31:13,blacktea,2,800,1600
457,7,2020-03-25 11:29:17,blacktea,1,800,800
458,91,2020-03-25 14:24:13,japanesetea,1,700,700
459,23,2020-03-25 16:31:26,japanesetea,3,700,2100
460,62,2020-03-25 20:00:25,misc,1,1200,1200
460,62,2020-03-25 20:00:25,japanesetea,1,700,700
461,84,2020-03-25 20:43:51,misc,2,1200,2400
462,6,2020-03-26 10:31:45,sweets,1,450,450
462,6,2020-03-26 10:31:45,blacktea,1,800,800
463,47,2020-03-26 13:45:48,sweets,1,450,450
464,8,2020-03-26 16:22:17,blacktea,1,800,800
465,27,2020-03-26 18:46:53,misc,1,1200,1200
466,42,2020-03-26 20:42:52,blacktea,1,800,800
467,43,2020-03-27 14:04:59,sweets,1,450,450
468,4,2020-03-27 15:16:54,sweets,1,450,450
469,27,2020-03-27 16:17:22,misc,1,1200,1200
470,45,2020-03-27 18:42:54,japanesetea,4,700,2800
470,45,2020-03-27 18:42:54,blacktea,1,800,800
471,9,2020-03-27 18:45:02,japanesetea,2,700,1400
471,9,2020-03-27 18:45:02,blacktea,3,800,2400
472,43,2020-03-27 18:53:53,japanesetea,2,700,1400
473,27,2020-03-27 19:15:17,blacktea,1,800,800
474,53,2020-03-27 19:42:34,blacktea,1,800,800
475,14,2020-03-27 20:56:22,japanesetea,4,700,2800
475,14,2020-03-27 20:56:22,blacktea,1,800,800
476,25,2020-03-28 10:04:01,blacktea,1,800,800
476,25,2020-03-28 10:04:01,japanesetea,6,700,4200
477,4,2020-03-28 12:48:40,blacktea,1,800,800
478,53,2020-03-28 15:58:21,misc,2,1200,2400
478,53,2020-03-28 15:58:21,blacktea,1,800,800
478,53,2020-03-28 15:58:21,japanesetea,3,700,2100
479,41,2020-03-28 18:48:35,sweets,1,450,450
479,41,2020-03-28 18:48:35,blacktea,1,800,800
480,44,2020-03-28 18:49:13,japanesetea,3,700,2100
481,26,2020-03-28 19:01:00,blacktea,1,800,800
482,68,2020-03-28 19:31:43,sweets,2,450,900
483,5,2020-03-28 19:50:32,misc,1,1200,1200
483,5,2020-03-28 19:50:32,japanesetea,1,700,700
484,47,2020-03-28 20:12:17,blacktea,1,800,800
485,98,2020-03-29 15:44:34,sweets,1,450,450
486,64,2020-03-29 16:44:25,blacktea,1,800,800
487,24,2020-03-29 17:39:25,japanesetea,3,700,2100
487,24,2020-03-29 17:39:25,blacktea,1,800,800
488,77,2020-03-29 18:53:37,misc,1,1200,1200
488,77,2020-03-29 18:53:37,japanesetea,1,700,700
489,34,2020-03-29 21:07:36,japanesetea,2,700,1400
489,34,2020-03-29 21:07:36,blacktea,1,800,800
490,56,2020-03-30 13:20:14,japanesetea,3,700,2100
491,19,2020-03-30 14:15:43,blacktea,1,800,800
492,3,2020-03-30 15:44:20,misc,1,1200,1200
493,57,2020-03-30 17:42:49,blacktea,1,800,800
494,70,2020-03-30 19:57:03,sweets,1,450,450
494,70,2020-03-30 19:57:03,japanesetea,3,700,2100
495,62,2020-03-30 21:04:07,japanesetea,1,700,700
495,62,2020-03-30 21:04:07,misc,1,1200,1200
496,23,2020-03-31 11:16:48,blacktea,1,800,800
497,27,2020-03-31 11:36:14,japanesetea,2,700,1400
498,30,2020-03-31 12:41:47,misc,1,1200,1200
499,18,2020-03-31 13:28:27,sweets,1,450,450
500,49,2020-03-31 14:23:35,blacktea,1,800,800
501,26,2020-03-31 14:24:46,blacktea,1,800,800
502,26,2020-03-31 18:24:34,sweets,1,450,450
502,26,2020-03-31 18:24:34,blacktea,1,800,800
503,92,2020-03-31 20:37:48,misc,1,1200,1200
504,41,2020-04-01 11:31:19,sweets,1,450,450
504,41,2020-04-01 11:31:19,blacktea,1,800,800
504,41,2020-04-01 11:31:19,japanesetea,5,700,3500
505,62,2020-04-01 21:53:57,japanesetea,1,700,700
506,58,2020-04-02 17:05:42,misc,3,1200,3600
507,67,2020-04-02 18:15:03,blacktea,1,800,800
507,67,2020-04-02 18:15:03,japanesetea,2,700,1400
508,24,2020-04-02 18:16:00,blacktea,1,800,800
509,22,2020-04-02 18:18:17,blacktea,1,800,800
510,18,2020-04-02 19:46:20,blacktea,1,800,800
511,49,2020-04-03 10:41:14,blacktea,1,800,800
512,8,2020-04-03 11:25:47,blacktea,1,800,800
513,53,2020-04-03 11:31:40,blacktea,1,800,800
514,2,2020-04-03 12:12:53,blacktea,1,800,800
515,61,2020-04-03 13:07:20,sweets,1,450,450
516,59,2020-04-03 14:34:38,sweets,1,450,450
516,59,2020-04-03 14:34:38,blacktea,1,800,800
517,52,2020-04-03 17:19:17,blacktea,2,800,1600
518,10,2020-04-03 17:32:59,blacktea,1,800,800
519,10,2020-04-04 11:26:28,blacktea,1,800,800
519,10,2020-04-04 11:26:28,sweets,1,450,450
520,5,2020-04-04 12:31:22,sweets,2,450,900
521,24,2020-04-04 12:36:47,japanesetea,1,700,700
522,56,2020-04-04 16:24:15,sweets,1,450,450
522,56,2020-04-04 16:24:15,japanesetea,2,700,1400
522,56,2020-04-04 16:24:15,blacktea,1,800,800
523,33,2020-04-04 16:25:11,blacktea,1,800,800
524,82,2020-04-04 17:02:47,japanesetea,1,700,700
524,82,2020-04-04 17:02:47,sweets,1,450,450
524,82,2020-04-04 17:02:47,blacktea,3,800,2400
525,15,2020-04-04 17:47:14,japanesetea,1,700,700
526,55,2020-04-04 20:49:42,blacktea,1,800,800
526,55,2020-04-04 20:49:42,japanesetea,2,700,1400
527,2,2020-04-05 10:20:41,blacktea,1,800,800
528,55,2020-04-05 10:47:17,japanesetea,1,700,700
529,63,2020-04-05 13:19:07,blacktea,1,800,800
530,7,2020-04-05 14:23:51,blacktea,1,800,800
531,58,2020-04-05 16:24:15,japanesetea,3,700,2100
532,27,2020-04-05 16:52:39,sweets,2,450,900
532,27,2020-04-05 16:52:39,blacktea,2,800,1600
533,35,2020-04-05 17:38:01,japanesetea,2,700,1400
534,7,2020-04-05 18:12:50,blacktea,1,800,800
535,6,2020-04-06 10:02:56,blacktea,1,800,800
535,6,2020-04-06 10:02:56,japanesetea,3,700,2100
536,57,2020-04-06 15:11:22,blacktea,1,800,800
536,57,2020-04-06 15:11:22,japanesetea,1,700,700
536,57,2020-04-06 15:11:22,sweets,1,450,450
537,1,2020-04-06 15:59:22,blacktea,1,800,800
538,50,2020-04-06 18:38:34,japanesetea,1,700,700
539,16,2020-04-07 12:32:41,japanesetea,4,700,2800
540,48,2020-04-07 12:36:35,japanesetea,1,700,700
541,9,2020-04-07 14:15:26,blacktea,1,800,800
542,51,2020-04-07 15:41:10,blacktea,2,800,1600
543,13,2020-04-07 16:33:37,japanesetea,4,700,2800
543,13,2020-04-07 16:33:37,blacktea,1,800,800
544,22,2020-04-07 17:25:30,blacktea,1,800,800
545,35,2020-04-07 19:56:31,blacktea,1,800,800
546,47,2020-04-08 12:06:53,sweets,1,450,450
547,58,2020-04-08 12:51:56,blacktea,1,800,800
548,56,2020-04-08 13:42:50,blacktea,1,800,800
549,34,2020-04-08 15:46:02,misc,2,1200,2400
549,34,2020-04-08 15:46:02,japanesetea,4,700,2800
550,48,2020-04-08 20:29:53,blacktea,1,800,800
551,26,2020-04-09 12:17:25,japanesetea,1,700,700
551,26,2020-04-09 12:17:25,blacktea,1,800,800
552,69,2020-04-09 14:56:54,misc,1,1200,1200
553,91,2020-04-09 15:31:14,sweets,1,450,450
554,14,2020-04-09 18:04:08,blacktea,1,800,800
555,24,2020-04-09 18:47:57,blacktea,1,800,800
555,24,2020-04-09 18:47:57,sweets,2,450,900
555,24,2020-04-09 18:47:57,japanesetea,5,700,3500
556,84,2020-04-09 19:07:40,sweets,1,450,450
557,41,2020-04-09 19:57:34,misc,1,1200,1200
558,57,2020-04-10 14:10:51,japanesetea,3,700,2100
559,54,2020-04-10 18:04:44,blacktea,1,800,800
560,69,2020-04-11 14:32:41,blacktea,1,800,800
561,28,2020-04-11 19:58:28,blacktea,1,800,800
562,14,2020-04-12 11:29:32,blacktea,1,800,800
563,67,2020-04-12 18:46:05,blacktea,1,800,800
563,67,2020-04-12 18:46:05,japanesetea,5,700,3500
563,67,2020-04-12 18:46:05,sweets,3,450,1350
564,85,2020-04-13 10:00:44,japanesetea,1,700,700
565,49,2020-04-13 10:54:53,blacktea,1,800,800
565,49,2020-04-13 10:54:53,japanesetea,1,700,700
566,63,2020-04-13 14:12:17,blacktea,1,800,800
567,48,2020-04-13 17:12:25,blacktea,1,800,800
567,48,2020-04-13 17:12:25,sweets,2,450,900
567,48,2020-04-13 17:12:25,japanesetea,3,700,2100
568,20,2020-04-14 18:01:17,sweets,1,450,450
569,42,2020-04-14 20:12:45,japanesetea,5,700,3500
570,30,2020-04-15 13:33:07,blacktea,1,800,800
570,30,2020-04-15 13:33:07,misc,1,1200,1200
571,17,2020-04-15 14:52:01,blacktea,1,800,800
572,28,2020-04-15 15:20:05,sweets,1,450,450
572,28,2020-04-15 15:20:05,blacktea,1,800,800
573,55,2020-04-15 15:39:14,misc,1,1200,1200
574,27,2020-04-15 16:10:30,sweets,1,450,450
575,65,2020-04-15 16:37:01,japanesetea,2,700,1400
576,8,2020-04-15 17:24:17,blacktea,1,800,800
577,35,2020-04-15 19:11:18,blacktea,1,800,800
578,59,2020-04-15 20:28:25,japanesetea,4,700,2800
579,26,2020-04-15 20:49:10,sweets,3,450,1350
580,50,2020-04-15 20:56:41,japanesetea,2,700,1400
581,1,2020-04-15 21:58:19,blacktea,1,800,800
582,28,2020-04-16 12:07:56,sweets,1,450,450
582,28,2020-04-16 12:07:56,blacktea,1,800,800
583,41,2020-04-16 12:35:10,blacktea,1,800,800
584,20,2020-04-16 17:12:59,japanesetea,1,700,700
585,51,2020-04-16 19:03:04,blacktea,1,800,800
586,4,2020-04-16 21:50:29,blacktea,1,800,800
587,52,2020-04-17 10:10:46,japanesetea,7,700,4900
588,11,2020-04-17 10:55:01,misc,1,1200,1200
589,56,2020-04-17 20:29:08,japanesetea,2,700,1400
590,84,2020-04-18 10:26:53,sweets,1,450,450
591,51,2020-04-18 12:16:04,japanesetea,3,700,2100
592,20,2020-04-18 14:56:56,japanesetea,1,700,700
592,20,2020-04-18 14:56:56,blacktea,1,800,800
593,55,2020-04-18 18:27:04,sweets,1,450,450
594,66,2020-04-19 10:04:59,japanesetea,3,700,2100
595,69,2020-04-19 11:17:49,japanesetea,1,700,700
596,12,2020-04-19 14:49:42,blacktea,1,800,800
597,36,2020-04-19 15:55:13,blacktea,1,800,800
598,0,2020-04-19 18:49:13,sweets,1,450,450
599,41,2020-04-19 18:50:59,sweets,2,450,900
600,12,2020-04-19 21:02:31,blacktea,2,800,1600
601,84,2020-04-20 10:07:13,japanesetea,1,700,700
601,84,2020-04-20 10:07:13,blacktea,1,800,800
601,84,2020-04-20 10:07:13,sweets,2,450,900
602,57,2020-04-20 10:21:12,japanesetea,4,700,2800
602,57,2020-04-20 10:21:12,misc,1,1200,1200
603,59,2020-04-20 11:35:19,misc,1,1200,1200
604,39,2020-04-20 12:16:46,japanesetea,1,700,700
604,39,2020-04-20 12:16:46,blacktea,1,800,800
605,2,2020-04-20 13:05:47,blacktea,1,800,800
606,26,2020-04-20 16:08:36,blacktea,1,800,800
607,55,2020-04-20 16:11:26,sweets,1,450,450
608,50,2020-04-20 18:45:53,blacktea,1,800,800
609,62,2020-04-20 18:46:19,misc,2,1200,2400
610,46,2020-04-20 19:54:44,sweets,1,450,450
610,46,2020-04-20 19:54:44,blacktea,1,800,800
610,46,2020-04-20 19:54:44,japanesetea,2,700,1400
611,65,2020-04-20 21:26:15,misc,1,1200,1200
612,31,2020-04-21 12:38:23,blacktea,1,800,800
613,48,2020-04-21 14:21:59,sweets,2,450,900
614,67,2020-04-21 15:06:17,blacktea,1,800,800
615,66,2020-04-21 15:16:35,blacktea,1,800,800
616,59,2020-04-21 16:18:41,sweets,1,450,450
617,21,2020-04-21 17:21:17,blacktea,1,800,800
618,49,2020-04-21 17:36:38,japanesetea,1,700,700
619,73,2020-04-21 19:30:34,japanesetea,1,700,700
620,54,2020-04-21 19:41:15,sweets,2,450,900
621,42,2020-04-21 20:58:06,japanesetea,1,700,700
622,10,2020-04-22 10:27:25,sweets,1,450,450
622,10,2020-04-22 10:27:25,misc,1,1200,1200
623,69,2020-04-22 11:05:37,blacktea,1,800,800
624,24,2020-04-22 11:46:19,sweets,1,450,450
625,21,2020-04-22 21:38:21,japanesetea,1,700,700
626,45,2020-04-23 10:59:57,sweets,1,450,450
627,60,2020-04-23 13:34:03,sweets,3,450,1350
628,66,2020-04-23 18:40:39,japanesetea,2,700,1400
629,21,2020-04-23 19:02:00,blacktea,2,800,1600
630,73,2020-04-24 11:20:34,japanesetea,2,700,1400
630,73,2020-04-24 11:20:34,sweets,1,450,450
630,73,2020-04-24 11:20:34,blacktea,3,800,2400
630,73,2020-04-24 11:20:34,misc,1,1200,1200
631,24,2020-04-24 12:40:49,japanesetea,5,700,3500
632,51,2020-04-24 13:35:25,japanesetea,1,700,700
633,51,2020-04-24 15:10:18,blacktea,1,800,800
634,54,2020-04-24 17:44:51,blacktea,1,800,800
635,54,2020-04-25 15:23:10,blacktea,1,800,800
636,24,2020-04-25 15:59:03,sweets,2,450,900
637,55,2020-04-25 16:04:49,blacktea,1,800,800
638,59,2020-04-25 17:43:44,blacktea,1,800,800
639,6,2020-04-25 19:11:15,japanesetea,5,700,3500
639,6,2020-04-25 19:11:15,blacktea,1,800,800
640,43,2020-04-26 10:02:16,japanesetea,4,700,2800
640,43,2020-04-26 10:02:16,blacktea,1,800,800
641,15,2020-04-26 16:49:27,japanesetea,1,700,700
642,64,2020-04-26 17:58:44,blacktea,1,800,800
643,72,2020-04-26 18:32:06,blacktea,5,800,4000
644,24,2020-04-26 19:27:17,blacktea,1,800,800
644,24,2020-04-26 19:27:17,japanesetea,1,700,700
645,6,2020-04-26 20:42:11,misc,1,1200,1200
646,44,2020-04-26 21:12:35,japanesetea,4,700,2800
647,32,2020-04-27 12:36:04,sweets,1,450,450
648,56,2020-04-27 13:45:36,japanesetea,1,700,700
649,34,2020-04-27 20:39:08,japanesetea,1,700,700
650,1,2020-04-27 20:44:51,misc,2,1200,2400
651,85,2020-04-28 10:03:23,japanesetea,1,700,700
652,13,2020-04-28 16:25:51,japanesetea,1,700,700
653,51,2020-04-28 19:45:16,blacktea,1,800,800
654,59,2020-04-28 20:33:02,japanesetea,1,700,700
655,48,2020-04-29 10:59:02,japanesetea,1,700,700
656,91,2020-04-29 12:22:46,sweets,1,450,450
656,91,2020-04-29 12:22:46,japanesetea,1,700,700
657,27,2020-04-29 13:43:09,blacktea,1,800,800
658,53,2020-04-29 16:24:18,blacktea,1,800,800
659,43,2020-04-29 16:30:15,japanesetea,2,700,1400
660,3,2020-04-29 17:23:40,blacktea,2,800,1600
661,9,2020-04-29 21:48:53,japanesetea,2,700,1400
661,9,2020-04-29 21:48:53,sweets,1,450,450
661,9,2020-04-29 21:48:53,blacktea,1,800,800
662,36,2020-04-30 11:16:55,blacktea,1,800,800
662,36,2020-04-30 11:16:55,sweets,1,450,450
663,52,2020-04-30 14:05:26,blacktea,1,800,800
664,93,2020-04-30 16:18:26,japanesetea,1,700,700
665,55,2020-04-30 18:11:52,sweets,1,450,450
665,55,2020-04-30 18:11:52,blacktea,1,800,800
666,60,2020-05-01 14:29:36,blacktea,1,800,800
667,61,2020-05-01 14:43:21,blacktea,1,800,800
667,61,2020-05-01 14:43:21,japanesetea,4,700,2800
668,9,2020-05-01 20:59:20,japanesetea,3,700,2100
669,21,2020-05-01 21:15:22,japanesetea,2,700,1400
670,52,2020-05-02 18:21:59,misc,1,1200,1200
671,16,2020-05-02 20:11:17,blacktea,1,800,800
672,65,2020-05-02 20:24:49,japanesetea,4,700,2800
673,88,2020-05-02 20:36:38,sweets,1,450,450
673,88,2020-05-02 20:36:38,japanesetea,1,700,700
673,88,2020-05-02 20:36:38,blacktea,3,800,2400
674,31,2020-05-03 10:25:52,blacktea,1,800,800
675,29,2020-05-03 11:39:45,sweets,1,450,450
675,29,2020-05-03 11:39:45,blacktea,1,800,800
676,42,2020-05-03 20:00:30,misc,1,1200,1200
677,25,2020-05-03 20:47:50,blacktea,1,800,800
678,35,2020-05-04 15:05:08,blacktea,1,800,800
679,43,2020-05-04 15:27:48,japanesetea,1,700,700
679,43,2020-05-04 15:27:48,blacktea,1,800,800
680,2,2020-05-04 17:13:09,blacktea,1,800,800
681,83,2020-05-04 20:20:29,japanesetea,1,700,700
681,83,2020-05-04 20:20:29,misc,1,1200,1200
682,48,2020-05-04 20:59:48,japanesetea,2,700,1400
683,67,2020-05-05 10:52:03,misc,1,1200,1200
684,22,2020-05-05 11:13:58,blacktea,1,800,800
684,22,2020-05-05 11:13:58,japanesetea,1,700,700
685,95,2020-05-05 13:16:08,japanesetea,2,700,1400
686,7,2020-05-05 16:58:50,blacktea,3,800,2400
686,7,2020-05-05 16:58:50,sweets,2,450,900
687,58,2020-05-05 19:18:19,blacktea,1,800,800
688,39,2020-05-05 19:50:48,blacktea,1,800,800
689,66,2020-05-05 21:51:44,sweets,1,450,450
690,58,2020-05-06 11:16:28,blacktea,1,800,800
690,58,2020-05-06 11:16:28,japanesetea,4,700,2800
691,34,2020-05-06 11:56:29,blacktea,2,800,1600
692,9,2020-05-06 13:30:11,blacktea,1,800,800
693,77,2020-05-06 15:14:43,japanesetea,1,700,700
694,46,2020-05-06 17:25:04,blacktea,1,800,800
695,19,2020-05-07 10:54:38,blacktea,1,800,800
696,38,2020-05-07 12:10:02,sweets,1,450,450
697,66,2020-05-07 16:29:34,japanesetea,1,700,700
698,43,2020-05-07 16:50:44,blacktea,1,800,800
699,0,2020-05-07 17:20:17,blacktea,1,800,800
700,36,2020-05-07 19:19:07,japanesetea,3,700,2100
701,47,2020-05-07 19:47:47,blacktea,1,800,800
702,66,2020-05-07 21:33:20,blacktea,1,800,800
703,20,2020-05-08 15:57:03,japanesetea,1,700,700
704,40,2020-05-08 17:27:01,misc,1,1200,1200
705,12,2020-05-08 18:34:20,misc,1,1200,1200
706,11,2020-05-08 18:35:16,sweets,1,450,450
707,98,2020-05-08 21:02:29,blacktea,4,800,3200
707,98,2020-05-08 21:02:29,misc,1,1200,1200
708,57,2020-05-09 10:57:20,blacktea,1,800,800
709,37,2020-05-09 13:05:45,blacktea,1,800,800
710,34,2020-05-09 14:23:38,blacktea,1,800,800
711,29,2020-05-09 16:13:17,sweets,1,450,450
711,29,2020-05-09 16:13:17,blacktea,1,800,800
712,60,2020-05-09 17:15:32,blacktea,1,800,800
713,24,2020-05-09 18:57:18,japanesetea,1,700,700
714,77,2020-05-09 19:57:53,japanesetea,1,700,700
715,55,2020-05-10 10:48:08,blacktea,1,800,800
716,11,2020-05-10 10:52:57,blacktea,1,800,800
717,37,2020-05-10 12:58:36,blacktea,1,800,800
718,42,2020-05-10 15:31:11,blacktea,1,800,800
718,42,2020-05-10 15:31:11,japanesetea,4,700,2800
719,65,2020-05-10 15:55:34,sweets,1,450,450
719,65,2020-05-10 15:55:34,blacktea,1,800,800
720,18,2020-05-10 16:59:54,sweets,1,450,450
720,18,2020-05-10 16:59:54,misc,1,1200,1200
721,41,2020-05-10 20:04:02,japanesetea,2,700,1400
722,66,2020-05-10 20:21:43,blacktea,1,800,800
723,89,2020-05-10 21:25:33,blacktea,1,800,800
724,9,2020-05-11 11:09:41,blacktea,1,800,800
725,8,2020-05-11 11:23:21,blacktea,1,800,800
726,54,2020-05-11 11:25:20,blacktea,1,800,800
727,59,2020-05-11 14:42:32,japanesetea,2,700,1400
728,10,2020-05-11 19:05:24,blacktea,1,800,800
729,66,2020-05-11 19:32:14,misc,1,1200,1200
730,51,2020-05-11 21:21:09,japanesetea,3,700,2100
730,51,2020-05-11 21:21:09,blacktea,1,800,800
731,0,2020-05-11 21:37:10,blacktea,1,800,800
732,65,2020-05-12 14:15:59,blacktea,1,800,800
733,49,2020-05-12 17:32:39,blacktea,1,800,800
734,31,2020-05-12 17:51:50,sweets,1,450,450
735,23,2020-05-12 21:10:02,blacktea,2,800,1600
736,36,2020-05-13 10:52:28,blacktea,1,800,800
737,62,2020-05-13 11:04:51,blacktea,1,800,800
738,42,2020-05-13 11:54:32,blacktea,1,800,800
738,42,2020-05-13 11:54:32,japanesetea,1,700,700
738,42,2020-05-13 11:54:32,sweets,1,450,450
738,42,2020-05-13 11:54:32,misc,1,1200,1200
739,7,2020-05-13 13:53:13,japanesetea,3,700,2100
740,5,2020-05-13 13:56:33,blacktea,1,800,800
741,16,2020-05-13 15:04:59,blacktea,1,800,800
742,1,2020-05-13 16:15:40,blacktea,1,800,800
743,23,2020-05-13 16:30:52,blacktea,1,800,800
743,23,2020-05-13 16:30:52,sweets,2,450,900
744,62,2020-05-13 17:13:10,misc,1,1200,1200
744,62,2020-05-13 17:13:10,japanesetea,2,700,1400
744,62,2020-05-13 17:13:10,sweets,1,450,450
744,62,2020-05-13 17:13:10,blacktea,1,800,800
745,76,2020-05-13 19:27:59,japanesetea,1,700,700
745,76,2020-05-13 19:27:59,misc,4,1200,4800
746,16,2020-05-14 11:52:10,sweets,1,450,450
747,71,2020-05-14 12:12:25,sweets,1,450,450
748,25,2020-05-14 12:25:48,sweets,2,450,900
749,48,2020-05-14 12:46:34,japanesetea,2,700,1400
750,2,2020-05-14 15:31:59,sweets,1,450,450
751,42,2020-05-14 15:58:38,japanesetea,4,700,2800
752,48,2020-05-14 17:21:08,japanesetea,3,700,2100
753,8,2020-05-14 20:59:13,blacktea,1,800,800
754,25,2020-05-15 11:14:10,blacktea,1,800,800
755,14,2020-05-15 14:20:17,blacktea,1,800,800
756,35,2020-05-15 14:37:34,sweets,2,450,900
756,35,2020-05-15 14:37:34,blacktea,1,800,800
757,34,2020-05-15 18:34:29,blacktea,1,800,800
758,96,2020-05-15 19:14:37,japanesetea,1,700,700
759,95,2020-05-15 20:49:09,misc,1,1200,1200
760,37,2020-05-15 21:53:00,japanesetea,4,700,2800
761,7,2020-05-16 11:04:08,misc,1,1200,1200
762,32,2020-05-16 17:14:40,japanesetea,1,700,700
763,54,2020-05-16 18:22:36,blacktea,1,800,800
764,3,2020-05-16 19:35:47,japanesetea,1,700,700
764,3,2020-05-16 19:35:47,blacktea,1,800,800
765,64,2020-05-16 19:51:41,misc,1,1200,1200
766,21,2020-05-17 12:16:33,blacktea,1,800,800
767,50,2020-05-17 12:42:37,blacktea,3,800,2400
768,0,2020-05-17 13:29:45,sweets,2,450,900
769,92,2020-05-17 13:36:44,japanesetea,2,700,1400
770,43,2020-05-17 15:38:41,blacktea,1,800,800
770,43,2020-05-17 15:38:41,japanesetea,3,700,2100
771,9,2020-05-17 16:55:40,blacktea,1,800,800
771,9,2020-05-17 16:55:40,japanesetea,1,700,700
772,45,2020-05-17 18:03:31,blacktea,1,800,800
773,99,2020-05-18 14:02:46,misc,1,1200,1200
774,46,2020-05-18 14:50:46,blacktea,1,800,800
775,60,2020-05-18 15:29:48,japanesetea,1,700,700
776,34,2020-05-18 15:30:36,japanesetea,2,700,1400
776,34,2020-05-18 15:30:36,blacktea,1,800,800
777,60,2020-05-18 18:39:00,japanesetea,3,700,2100
778,19,2020-05-18 18:43:42,japanesetea,3,700,2100
779,12,2020-05-18 19:09:01,blacktea,1,800,800
780,33,2020-05-18 19:23:25,blacktea,1,800,800
781,82,2020-05-18 21:27:13,japanesetea,1,700,700
781,82,2020-05-18 21:27:13,sweets,1,450,450
782,9,2020-05-19 14:59:29,japanesetea,2,700,1400
783,40,2020-05-19 21:34:36,blacktea,1,800,800
784,87,2020-05-19 21:56:08,misc,1,1200,1200
784,87,2020-05-19 21:56:08,sweets,2,450,900
784,87,2020-05-19 21:56:08,japanesetea,1,700,700
785,75,2020-05-20 10:03:46,sweets,1,450,450
786,34,2020-05-20 14:40:15,japanesetea,5,700,3500
787,39,2020-05-20 15:27:47,blacktea,1,800,800
787,39,2020-05-20 15:27:47,sweets,1,450,450
788,69,2020-05-20 16:09:14,japanesetea,1,700,700
788,69,2020-05-20 16:09:14,misc,1,1200,1200
789,53,2020-05-20 17:52:46,misc,1,1200,1200
790,5,2020-05-20 20:09:53,japanesetea,1,700,700
791,56,2020-05-20 21:19:04,japanesetea,5,700,3500
792,56,2020-05-21 11:51:32,japanesetea,1,700,700
793,90,2020-05-21 12:30:55,sweets,1,450,450
793,90,2020-05-21 12:30:55,japanesetea,1,700,700
794,25,2020-05-21 18:43:29,blacktea,1,800,800
795,64,2020-05-22 11:09:15,sweets,1,450,450
796,21,2020-05-22 16:06:46,japanesetea,4,700,2800
797,57,2020-05-22 19:02:16,blacktea,1,800,800
798,16,2020-05-22 20:42:14,blacktea,1,800,800
799,61,2020-05-23 10:24:27,japanesetea,3,700,2100
799,61,2020-05-23 10:24:27,blacktea,1,800,800
799,61,2020-05-23 10:24:27,sweets,1,450,450
800,69,2020-05-23 12:25:45,japanesetea,1,700,700
801,7,2020-05-23 12:39:43,blacktea,1,800,800
802,12,2020-05-23 12:49:59,blacktea,1,800,800
803,79,2020-05-23 13:11:59,japanesetea,1,700,700
804,11,2020-05-23 17:00:22,blacktea,1,800,800
805,69,2020-05-23 19:03:05,misc,1,1200,1200
806,69,2020-05-23 21:18:49,japanesetea,1,700,700
806,69,2020-05-23 21:18:49,blacktea,1,800,800
806,69,2020-05-23 21:18:49,sweets,1,450,450
807,39,2020-05-23 21:30:20,japanesetea,1,700,700
808,87,2020-05-24 10:22:58,misc,1,1200,1200
809,51,2020-05-24 11:17:23,sweets,1,450,450
809,51,2020-05-24 11:17:23,blacktea,1,800,800
810,36,2020-05-24 12:45:46,blacktea,1,800,800
810,36,2020-05-24 12:45:46,japanesetea,1,700,700
811,13,2020-05-24 12:45:47,japanesetea,1,700,700
812,8,2020-05-24 14:44:03,japanesetea,3,700,2100
813,45,2020-05-24 17:21:53,blacktea,1,800,800
814,24,2020-05-24 20:13:24,blacktea,1,800,800
815,29,2020-05-24 20:27:44,sweets,1,450,450
816,56,2020-05-25 17:27:03,misc,1,1200,1200
816,56,2020-05-25 17:27:03,sweets,1,450,450
817,12,2020-05-25 18:02:36,blacktea,1,800,800
818,55,2020-05-25 19:59:44,blacktea,1,800,800
819,34,2020-05-25 20:13:55,misc,1,1200,1200
819,34,2020-05-25 20:13:55,blacktea,1,800,800
820,9,2020-05-25 20:56:33,japanesetea,1,700,700
820,9,2020-05-25 20:56:33,blacktea,1,800,800
820,9,2020-05-25 20:56:33,sweets,1,450,450
821,7,2020-05-26 11:37:22,blacktea,1,800,800
821,7,2020-05-26 11:37:22,japanesetea,7,700,4900
822,21,2020-05-26 17:16:09,blacktea,1,800,800
822,21,2020-05-26 17:16:09,sweets,2,450,900
823,97,2020-05-26 17:37:59,misc,1,1200,1200
823,97,2020-05-26 17:37:59,blacktea,1,800,800
824,18,2020-05-27 10:06:45,japanesetea,1,700,700
825,74,2020-05-27 10:11:56,japanesetea,1,700,700
826,70,2020-05-27 12:59:57,sweets,1,450,450
827,82,2020-05-27 13:38:57,blacktea,2,800,1600
828,38,2020-05-27 15:35:47,blacktea,1,800,800
828,38,2020-05-27 15:35:47,misc,1,1200,1200
829,22,2020-05-27 17:23:15,blacktea,1,800,800
830,28,2020-05-27 17:36:49,blacktea,1,800,800
831,65,2020-05-27 20:43:27,blacktea,1,800,800
831,65,2020-05-27 20:43:27,japanesetea,1,700,700
832,30,2020-05-28 11:04:09,japanesetea,5,700,3500
833,42,2020-05-28 14:34:41,blacktea,1,800,800
833,42,2020-05-28 14:34:41,misc,1,1200,1200
834,60,2020-05-28 15:12:28,japanesetea,1,700,700
834,60,2020-05-28 15:12:28,sweets,1,450,450
834,60,2020-05-28 15:12:28,blacktea,1,800,800
835,38,2020-05-28 15:29:44,japanesetea,2,700,1400
836,31,2020-05-29 10:57:27,blacktea,1,800,800
837,54,2020-05-29 12:08:31,sweets,1,450,450
838,48,2020-05-29 13:42:58,sweets,2,450,900
839,16,2020-05-29 14:44:59,sweets,1,450,450
840,61,2020-05-29 18:16:17,japanesetea,1,700,700
841,58,2020-05-29 20:14:35,japanesetea,2,700,1400
842,63,2020-05-29 20:26:05,blacktea,1,800,800
842,63,2020-05-29 20:26:05,sweets,1,450,450
842,63,2020-05-29 20:26:05,japanesetea,3,700,2100
843,54,2020-05-29 20:46:19,blacktea,2,800,1600
844,6,2020-05-30 11:26:50,misc,2,1200,2400
845,35,2020-05-30 13:39:39,blacktea,2,800,1600
846,61,2020-05-30 18:51:43,japanesetea,3,700,2100
847,14,2020-05-30 20:08:59,blacktea,1,800,800
848,10,2020-05-30 20:35:04,blacktea,1,800,800
849,26,2020-05-30 21:22:47,japanesetea,3,700,2100
850,92,2020-05-31 10:26:49,blacktea,1,800,800
850,92,2020-05-31 10:26:49,japanesetea,1,700,700
851,54,2020-05-31 11:19:33,blacktea,1,800,800
852,85,2020-05-31 13:22:28,misc,1,1200,1200
853,54,2020-05-31 13:35:34,japanesetea,1,700,700
854,14,2020-05-31 15:38:13,blacktea,3,800,2400
855,13,2020-05-31 16:21:58,blacktea,1,800,800
855,13,2020-05-31 16:21:58,sweets,2,450,900
856,34,2020-05-31 18:00:51,japanesetea,2,700,1400
856,34,2020-05-31 18:00:51,blacktea,1,800,800
857,11,2020-05-31 19:03:19,blacktea,1,800,800
858,42,2020-05-31 19:57:01,blacktea,3,800,2400
859,44,2020-06-01 10:36:36,blacktea,1,800,800
860,19,2020-06-01 12:11:40,japanesetea,1,700,700
861,27,2020-06-01 13:58:22,misc,1,1200,1200
862,42,2020-06-01 17:10:05,blacktea,1,800,800
863,21,2020-06-01 17:53:57,blacktea,1,800,800
863,21,2020-06-01 17:53:57,japanesetea,3,700,2100
864,32,2020-06-01 20:22:27,sweets,1,450,450
865,30,2020-06-01 20:41:04,japanesetea,2,700,1400
866,39,2020-06-01 21:16:17,blacktea,3,800,2400
867,46,2020-06-02 19:22:37,blacktea,2,800,1600
868,87,2020-06-02 20:01:52,japanesetea,1,700,700
869,55,2020-06-02 21:32:16,blacktea,1,800,800
870,63,2020-06-03 11:38:30,sweets,1,450,450
871,17,2020-06-03 12:57:48,japanesetea,3,700,2100
872,32,2020-06-03 13:19:45,japanesetea,3,700,2100
872,32,2020-06-03 13:19:45,blacktea,1,800,800
873,46,2020-06-03 13:31:44,misc,1,1200,1200
874,19,2020-06-03 15:13:18,blacktea,1,800,800
875,26,2020-06-03 20:17:47,sweets,2,450,900
876,27,2020-06-04 10:03:18,blacktea,1,800,800
877,42,2020-06-04 11:46:13,blacktea,1,800,800
877,42,2020-06-04 11:46:13,sweets,1,450,450
878,46,2020-06-04 20:21:35,blacktea,1,800,800
879,66,2020-06-04 20:51:02,japanesetea,2,700,1400
880,13,2020-06-05 11:42:45,japanesetea,3,700,2100
880,13,2020-06-05 11:42:45,blacktea,1,800,800
881,81,2020-06-05 12:27:18,sweets,1,450,450
881,81,2020-06-05 12:27:18,blacktea,5,800,4000
881,81,2020-06-05 12:27:18,misc,1,1200,1200
882,66,2020-06-05 19:08:41,sweets,1,450,450
883,68,2020-06-06 15:39:48,japanesetea,2,700,1400
883,68,2020-06-06 15:39:48,blacktea,1,800,800
884,82,2020-06-06 17:04:23,blacktea,7,800,5600
885,67,2020-06-06 20:01:09,blacktea,1,800,800
886,11,2020-06-07 10:00:45,sweets,1,450,450
887,23,2020-06-07 11:23:31,blacktea,1,800,800
888,63,2020-06-07 15:39:52,japanesetea,1,700,700
889,91,2020-06-07 15:58:38,japanesetea,1,700,700
890,3,2020-06-07 16:00:23,blacktea,1,800,800
891,80,2020-06-07 17:45:02,japanesetea,1,700,700
892,16,2020-06-07 18:55:03,misc,2,1200,2400
893,9,2020-06-07 20:24:35,blacktea,1,800,800
894,0,2020-06-07 21:28:55,sweets,3,450,1350
895,63,2020-06-07 21:50:09,japanesetea,3,700,2100
896,10,2020-06-08 10:35:22,blacktea,1,800,800
896,10,2020-06-08 10:35:22,japanesetea,3,700,2100
897,60,2020-06-08 16:57:09,japanesetea,1,700,700
898,4,2020-06-08 17:07:25,sweets,2,450,900
899,53,2020-06-08 18:03:59,blacktea,1,800,800
899,53,2020-06-08 18:03:59,sweets,1,450,450
900,52,2020-06-08 18:24:12,sweets,1,450,450
900,52,2020-06-08 18:24:12,blacktea,1,800,800
901,16,2020-06-08 18:40:57,sweets,1,450,450
902,48,2020-06-08 21:02:13,misc,1,1200,1200
902,48,2020-06-08 21:02:13,blacktea,1,800,800
903,25,2020-06-08 21:32:56,japanesetea,1,700,700
904,44,2020-06-09 11:59:38,blacktea,2,800,1600
905,56,2020-06-09 12:42:18,japanesetea,3,700,2100
906,6,2020-06-09 13:27:38,sweets,1,450,450
907,14,2020-06-09 13:48:54,blacktea,1,800,800
908,82,2020-06-09 14:22:51,japanesetea,1,700,700
908,82,2020-06-09 14:22:51,blacktea,3,800,2400
909,20,2020-06-09 14:28:29,blacktea,1,800,800
910,52,2020-06-09 18:38:58,blacktea,1,800,800
911,29,2020-06-09 20:19:38,blacktea,1,800,800
912,15,2020-06-10 14:31:16,blacktea,1,800,800
913,70,2020-06-10 15:35:13,japanesetea,1,700,700
914,32,2020-06-10 18:43:15,japanesetea,2,700,1400
915,66,2020-06-10 19:44:14,blacktea,1,800,800
916,15,2020-06-11 14:17:43,japanesetea,1,700,700
917,66,2020-06-11 14:17:44,japanesetea,3,700,2100
918,62,2020-06-11 14:25:53,blacktea,1,800,800
918,62,2020-06-11 14:25:53,sweets,1,450,450
919,0,2020-06-11 16:29:10,blacktea,1,800,800
920,14,2020-06-11 17:48:18,japanesetea,1,700,700
920,14,2020-06-11 17:48:18,blacktea,1,800,800
921,44,2020-06-11 17:58:22,blacktea,3,800,2400
922,21,2020-06-12 10:43:38,japanesetea,1,700,700
923,98,2020-06-12 10:50:00,blacktea,4,800,3200
923,98,2020-06-12 10:50:00,misc,1,1200,1200
924,16,2020-06-12 11:56:21,misc,1,1200,1200
925,33,2020-06-12 12:41:34,blacktea,2,800,1600
925,33,2020-06-12 12:41:34,japanesetea,2,700,1400
926,61,2020-06-12 16:13:03,sweets,1,450,450
927,81,2020-06-12 21:01:28,blacktea,3,800,2400
928,46,2020-06-13 10:20:40,blacktea,1,800,800
929,38,2020-06-13 11:25:36,blacktea,3,800,2400
930,16,2020-06-13 13:01:26,blacktea,1,800,800
931,31,2020-06-13 13:42:15,blacktea,1,800,800
932,35,2020-06-13 17:34:36,japanesetea,4,700,2800
933,5,2020-06-13 18:12:54,blacktea,1,800,800
934,34,2020-06-13 19:13:52,blacktea,1,800,800
935,73,2020-06-13 19:58:15,japanesetea,1,700,700
936,61,2020-06-13 20:54:50,blacktea,2,800,1600
937,30,2020-06-13 21:19:24,japanesetea,1,700,700
938,36,2020-06-14 10:13:18,blacktea,1,800,800
939,22,2020-06-14 15:02:19,blacktea,1,800,800
939,22,2020-06-14 15:02:19,misc,1,1200,1200
940,28,2020-06-14 16:12:12,blacktea,1,800,800
941,48,2020-06-14 17:51:19,blacktea,1,800,800
942,37,2020-06-14 18:25:00,sweets,1,450,450
943,26,2020-06-14 20:32:30,japanesetea,1,700,700
943,26,2020-06-14 20:32:30,misc,1,1200,1200
944,72,2020-06-15 15:57:58,misc,2,1200,2400
945,47,2020-06-15 16:31:25,japanesetea,2,700,1400
946,0,2020-06-15 16:36:17,blacktea,1,800,800
947,10,2020-06-15 17:51:56,sweets,2,450,900
948,19,2020-06-15 18:02:20,blacktea,1,800,800
949,8,2020-06-16 11:46:18,blacktea,1,800,800
950,58,2020-06-16 12:42:11,blacktea,1,800,800
950,58,2020-06-16 12:42:11,japanesetea,1,700,700
951,45,2020-06-16 16:15:10,blacktea,2,800,1600
952,80,2020-06-16 17:02:22,misc,1,1200,1200
952,80,2020-06-16 17:02:22,japanesetea,1,700,700
952,80,2020-06-16 17:02:22,blacktea,5,800,4000
952,80,2020-06-16 17:02:22,sweets,1,450,450
953,80,2020-06-17 12:23:36,sweets,1,450,450
954,22,2020-06-17 14:31:28,blacktea,2,800,1600
955,66,2020-06-17 17:53:54,blacktea,2,800,1600
956,56,2020-06-17 19:04:35,blacktea,3,800,2400
957,63,2020-06-17 19:32:43,blacktea,1,800,800
958,88,2020-06-18 10:00:31,japanesetea,1,700,700
959,52,2020-06-18 11:33:15,japanesetea,2,700,1400
959,52,2020-06-18 11:33:15,blacktea,1,800,800
960,86,2020-06-18 13:02:05,sweets,1,450,450
961,64,2020-06-18 13:06:22,blacktea,1,800,800
962,70,2020-06-18 14:03:44,sweets,1,450,450
963,60,2020-06-18 14:48:26,blacktea,1,800,800
964,94,2020-06-18 15:01:37,japanesetea,1,700,700
965,37,2020-06-18 15:03:03,sweets,2,450,900
966,38,2020-06-18 15:22:59,blacktea,1,800,800
967,56,2020-06-18 15:59:56,blacktea,1,800,800
968,49,2020-06-18 17:40:03,blacktea,1,800,800
969,0,2020-06-18 18:04:43,japanesetea,2,700,1400
969,0,2020-06-18 18:04:43,sweets,1,450,450
969,0,2020-06-18 18:04:43,blacktea,1,800,800
970,20,2020-06-18 19:47:37,japanesetea,2,700,1400
971,53,2020-06-18 20:29:36,blacktea,1,800,800
972,61,2020-06-19 10:42:07,blacktea,1,800,800
973,40,2020-06-19 12:03:39,japanesetea,4,700,2800
974,19,2020-06-19 12:17:43,sweets,1,450,450
974,19,2020-06-19 12:17:43,blacktea,1,800,800
974,19,2020-06-19 12:17:43,japanesetea,1,700,700
975,54,2020-06-19 13:11:42,blacktea,1,800,800
976,23,2020-06-19 13:48:15,blacktea,1,800,800
977,64,2020-06-19 16:11:04,misc,1,1200,1200
978,38,2020-06-19 17:08:01,blacktea,1,800,800
979,60,2020-06-19 17:40:00,blacktea,1,800,800
980,21,2020-06-19 20:31:00,sweets,1,450,450
981,75,2020-06-19 20:41:38,blacktea,4,800,3200
982,50,2020-06-20 12:55:00,blacktea,1,800,800
983,46,2020-06-20 17:53:12,japanesetea,2,700,1400
983,46,2020-06-20 17:53:12,sweets,2,450,900
983,46,2020-06-20 17:53:12,blacktea,1,800,800
984,74,2020-06-20 18:16:02,blacktea,5,800,4000
984,74,2020-06-20 18:16:02,japanesetea,1,700,700
985,20,2020-06-21 10:53:48,blacktea,1,800,800
986,4,2020-06-21 11:12:52,blacktea,1,800,800
987,92,2020-06-21 12:31:07,sweets,2,450,900
988,55,2020-06-21 12:38:04,japanesetea,1,700,700
989,55,2020-06-21 19:18:53,blacktea,2,800,1600
990,84,2020-06-21 21:28:10,misc,1,1200,1200
990,84,2020-06-21 21:28:10,japanesetea,1,700,700
990,84,2020-06-21 21:28:10,sweets,1,450,450
991,3,2020-06-22 10:29:33,blacktea,1,800,800
992,3,2020-06-22 14:06:49,blacktea,1,800,800
992,3,2020-06-22 14:06:49,sweets,1,450,450
992,3,2020-06-22 14:06:49,misc,1,1200,1200
993,48,2020-06-22 15:22:27,japanesetea,2,700,1400
993,48,2020-06-22 15:22:27,blacktea,1,800,800
994,66,2020-06-22 17:34:32,sweets,3,450,1350
995,25,2020-06-22 17:48:12,japanesetea,2,700,1400
996,76,2020-06-22 17:54:28,misc,1,1200,1200
997,37,2020-06-22 19:08:17,blacktea,1,800,800
998,24,2020-06-22 19:42:20,blacktea,2,800,1600
998,24,2020-06-22 19:42:20,japanesetea,1,700,700
999,46,2020-06-22 21:17:08,blacktea,1,800,800
999,46,2020-06-22 21:17:08,sweets,2,450,900
999,46,2020-06-22 21:17:08,japanesetea,3,700,2100
1000,58,2020-06-23 12:23:10,japanesetea,1,700,700
1001,60,2020-06-23 13:25:38,blacktea,1,800,800
1001,60,2020-06-23 13:25:38,japanesetea,2,700,1400
1002,59,2020-06-23 14:28:32,japanesetea,2,700,1400
1003,6,2020-06-23 17:27:47,blacktea,1,800,800
1004,44,2020-06-23 20:25:39,sweets,2,450,900
1005,51,2020-06-24 10:44:17,japanesetea,2,700,1400
1005,51,2020-06-24 10:44:17,sweets,3,450,1350
1006,5,2020-06-24 10:50:39,blacktea,1,800,800
1007,6,2020-06-24 11:21:00,japanesetea,2,700,1400
1007,6,2020-06-24 11:21:00,blacktea,1,800,800
1008,37,2020-06-24 12:39:26,japanesetea,1,700,700
1009,60,2020-06-24 12:54:24,japanesetea,2,700,1400
1010,55,2020-06-24 13:45:45,blacktea,1,800,800
1010,55,2020-06-24 13:45:45,sweets,1,450,450
1011,95,2020-06-24 14:13:31,blacktea,5,800,4000
1012,36,2020-06-24 17:40:59,japanesetea,3,700,2100
1013,40,2020-06-24 20:05:01,japanesetea,1,700,700
1014,47,2020-06-24 20:27:17,sweets,1,450,450
1015,44,2020-06-25 11:26:54,sweets,1,450,450
1015,44,2020-06-25 11:26:54,japanesetea,1,700,700
1015,44,2020-06-25 11:26:54,blacktea,1,800,800
1015,44,2020-06-25 11:26:54,misc,1,1200,1200
1016,54,2020-06-25 16:56:18,blacktea,1,800,800
1017,2,2020-06-25 18:06:09,japanesetea,1,700,700
1017,2,2020-06-25 18:06:09,blacktea,1,800,800
1018,31,2020-06-25 18:28:46,misc,2,1200,2400
1019,44,2020-06-25 18:45:38,blacktea,1,800,800
1020,20,2020-06-25 20:32:17,japanesetea,1,700,700
1020,20,2020-06-25 20:32:17,blacktea,2,800,1600
1021,31,2020-06-25 20:41:08,japanesetea,1,700,700
1022,37,2020-06-25 21:19:58,blacktea,1,800,800
1023,53,2020-06-26 11:47:24,blacktea,1,800,800
1024,50,2020-06-26 12:41:04,sweets,3,450,1350
1024,50,2020-06-26 12:41:04,blacktea,1,800,800
1025,5,2020-06-26 13:27:51,blacktea,1,800,800
1026,28,2020-06-26 17:30:26,japanesetea,3,700,2100
1027,44,2020-06-26 17:47:16,japanesetea,2,700,1400
1028,31,2020-06-26 18:07:29,blacktea,1,800,800
1029,59,2020-06-26 19:17:33,blacktea,1,800,800
1030,29,2020-06-26 19:44:47,japanesetea,1,700,700
1031,66,2020-06-26 19:51:06,sweets,1,450,450
1032,39,2020-06-26 20:05:28,blacktea,1,800,800
1033,68,2020-06-26 20:43:56,sweets,1,450,450
1034,45,2020-06-27 10:05:06,blacktea,1,800,800
1035,59,2020-06-27 10:42:39,japanesetea,2,700,1400
1036,36,2020-06-27 12:29:46,sweets,1,450,450
1037,54,2020-06-27 13:41:51,blacktea,1,800,800
1038,69,2020-06-27 18:04:34,japanesetea,3,700,2100
1038,69,2020-06-27 18:04:34,blacktea,1,800,800
1039,0,2020-06-27 18:13:03,blacktea,1,800,800
1040,28,2020-06-27 19:46:04,japanesetea,1,700,700
1041,9,2020-06-28 11:38:24,blacktea,2,800,1600
1041,9,2020-06-28 11:38:24,misc,2,1200,2400
1041,9,2020-06-28 11:38:24,sweets,1,450,450
1041,9,2020-06-28 11:38:24,japanesetea,2,700,1400
1042,26,2020-06-28 14:42:41,sweets,1,450,450
1043,71,2020-06-28 15:44:57,misc,3,1200,3600
1044,25,2020-06-28 19:02:11,blacktea,1,800,800
1045,51,2020-06-29 11:18:17,japanesetea,4,700,2800
1046,3,2020-06-29 11:59:02,blacktea,1,800,800
1047,46,2020-06-29 18:57:15,blacktea,1,800,800
1048,10,2020-06-29 19:07:55,japanesetea,1,700,700
1049,21,2020-06-29 21:06:32,blacktea,1,800,800
1050,44,2020-06-30 10:16:42,misc,4,1200,4800
1050,44,2020-06-30 10:16:42,japanesetea,4,700,2800
1050,44,2020-06-30 10:16:42,blacktea,2,800,1600
1051,9,2020-06-30 10:24:32,sweets,1,450,450
1052,2,2020-06-30 13:16:31,sweets,1,450,450
1053,53,2020-06-30 15:15:53,blacktea,1,800,800
1054,26,2020-06-30 15:51:20,blacktea,1,800,800
1055,52,2020-06-30 16:27:35,sweets,1,450,450
1056,65,2020-06-30 17:38:22,blacktea,1,800,800
1057,78,2020-06-30 18:26:36,japanesetea,1,700,700
1058,23,2020-06-30 20:04:55,blacktea,1,800,800
