取引,日時,商品,数量,価格,売上
1,2020-09-01 10:47:30,mint,2,190,380
2,2020-09-01 10:59:25,gum,2,110,220
2,2020-09-01 10:59:25,mint,1,190,190
3,2020-09-01 11:55:53,crisp,1,130,130
4,2020-09-01 12:28:49,crisp,2,130,260
5,2020-09-01 12:40:02,gum,1,110,110
6,2020-09-01 12:54:33,chocolate,1,150,150
7,2020-09-01 13:06:34,gum,1,110,110
8,2020-09-01 14:13:22,chocolate,2,150,300
9,2020-09-01 14:13:25,crisp,4,130,520
10,2020-09-01 14:15:51,gum,1,110,110
11,2020-09-01 14:16:58,chocolate,2,150,300
11,2020-09-01 14:16:58,mint,1,190,190
11,2020-09-01 14:16:58,gum,2,110,220
11,2020-09-01 14:16:58,crisp,1,130,130
12,2020-09-01 14:27:21,crisp,4,130,520
13,2020-09-01 14:27:53,mint,1,190,190
14,2020-09-01 14:40:20,gum,2,110,220
15,2020-09-01 14:48:30,crisp,1,130,130
16,2020-09-01 15:50:40,mint,2,190,380
17,2020-09-01 16:10:09,mint,2,190,380
18,2020-09-01 17:28:55,gum,1,110,110
19,2020-09-01 17:42:41,mint,1,190,190
20,2020-09-01 17:49:00,mint,2,190,380
21,2020-09-01 18:00:28,crisp,2,130,260
22,2020-09-01 18:22:24,mint,1,190,190
23,2020-09-01 19:13:42,chocolate,1,150,150
24,2020-09-01 19:16:44,gum,1,110,110
25,2020-09-01 19:22:14,gum,1,110,110
26,2020-09-01 19:26:37,crisp,1,130,130
27,2020-09-01 19:36:53,mint,1,190,190
28,2020-09-01 20:03:01,mint,1,190,190
29,2020-09-01 20:09:41,chocolate,1,150,150
30,2020-09-01 20:30:04,crisp,3,130,390
31,2020-09-01 21:08:02,crisp,1,130,130
32,2020-09-01 21:17:50,crisp,2,130,260
33,2020-09-01 21:24:31,gum,1,110,110
33,2020-09-01 21:24:31,chocolate,1,150,150
34,2020-09-01 21:42:43,gum,1,110,110
35,2020-09-02 10:08:32,crisp,1,130,130
36,2020-09-02 10:47:22,crisp,1,130,130
37,2020-09-02 11:22:27,crisp,1,130,130
38,2020-09-02 12:00:01,chocolate,1,150,150
39,2020-09-02 12:14:29,mint,2,190,380
40,2020-09-02 12:15:01,gum,2,110,220
41,2020-09-02 12:38:43,gum,3,110,330
42,2020-09-02 13:16:55,gum,3,110,330
43,2020-09-02 14:25:29,gum,3,110,330
44,2020-09-02 14:36:08,chocolate,1,150,150
45,2020-09-02 14:50:05,gum,3,110,330
46,2020-09-02 15:13:16,crisp,1,130,130
47,2020-09-02 15:15:18,chocolate,3,150,450
48,2020-09-02 15:52:47,gum,1,110,110
49,2020-09-02 16:08:25,chocolate,2,150,300
50,2020-09-02 16:14:02,crisp,2,130,260
51,2020-09-02 16:16:43,gum,1,110,110
52,2020-09-02 16:59:07,mint,1,190,190
53,2020-09-02 17:46:56,gum,1,110,110
54,2020-09-02 18:42:54,mint,2,190,380
55,2020-09-02 18:59:12,gum,1,110,110
56,2020-09-02 19:27:24,mint,1,190,190
57,2020-09-02 19:33:06,gum,1,110,110
57,2020-09-02 19:33:06,mint,4,190,760
58,2020-09-02 19:47:02,mint,3,190,570
59,2020-09-02 20:04:12,crisp,2,130,260
60,2020-09-02 20:22:44,chocolate,1,150,150
61,2020-09-02 20:24:47,gum,1,110,110
62,2020-09-02 20:39:43,gum,1,110,110
63,2020-09-02 20:58:44,chocolate,2,150,300
64,2020-09-02 21:16:28,chocolate,1,150,150
65,2020-09-02 21:26:11,chocolate,2,150,300
66,2020-09-02 21:42:47,chocolate,1,150,150
66,2020-09-02 21:42:47,gum,1,110,110
67,2020-09-03 10:40:49,crisp,1,130,130
68,2020-09-03 10:47:33,mint,1,190,190
69,2020-09-03 11:05:19,gum,1,110,110
70,2020-09-03 12:03:03,mint,2,190,380
71,2020-09-03 12:50:49,mint,1,190,190
72,2020-09-03 13:04:46,crisp,2,130,260
73,2020-09-03 13:28:18,mint,1,190,190
74,2020-09-03 13:38:29,chocolate,4,150,600
75,2020-09-03 13:49:23,mint,1,190,190
76,2020-09-03 13:51:54,crisp,1,130,130
77,2020-09-03 13:52:41,gum,1,110,110
78,2020-09-03 13:56:06,crisp,3,130,390
79,2020-09-03 14:01:42,chocolate,5,150,750
79,2020-09-03 14:01:42,crisp,1,130,130
80,2020-09-03 14:10:14,gum,1,110,110
81,2020-09-03 14:21:34,mint,1,190,190
82,2020-09-03 14:27:32,mint,2,190,380
83,2020-09-03 14:42:43,chocolate,1,150,150
84,2020-09-03 15:05:49,mint,4,190,760
85,2020-09-03 15:10:53,gum,1,110,110
86,2020-09-03 15:14:05,mint,1,190,190
87,2020-09-03 15:41:56,mint,1,190,190
88,2020-09-03 15:42:07,chocolate,2,150,300
89,2020-09-03 16:06:19,gum,1,110,110
90,2020-09-03 16:11:08,chocolate,1,150,150
91,2020-09-03 16:13:27,chocolate,2,150,300
92,2020-09-03 16:16:12,crisp,1,130,130
93,2020-09-03 16:40:28,crisp,3,130,390
94,2020-09-03 16:50:28,crisp,2,130,260
95,2020-09-03 17:02:20,chocolate,1,150,150
96,2020-09-03 17:33:51,chocolate,1,150,150
97,2020-09-03 17:48:14,mint,1,190,190
98,2020-09-03 17:56:47,crisp,3,130,390
99,2020-09-03 18:02:06,mint,1,190,190
100,2020-09-03 18:10:46,crisp,2,130,260
101,2020-09-03 18:22:56,gum,2,110,220
102,2020-09-03 19:17:03,mint,1,190,190
103,2020-09-03 19:55:34,gum,4,110,440
104,2020-09-03 20:09:18,crisp,1,130,130
105,2020-09-03 20:16:57,crisp,1,130,130
106,2020-09-03 21:22:42,mint,1,190,190
107,2020-09-04 10:26:39,mint,1,190,190
108,2020-09-04 11:08:10,crisp,2,130,260
109,2020-09-04 11:12:59,chocolate,1,150,150
110,2020-09-04 11:25:29,crisp,2,130,260
111,2020-09-04 11:37:09,crisp,2,130,260
112,2020-09-04 11:44:27,crisp,1,130,130
113,2020-09-04 12:32:03,gum,1,110,110
114,2020-09-04 13:01:09,crisp,1,130,130
115,2020-09-04 13:05:54,crisp,4,130,520
116,2020-09-04 13:49:48,gum,1,110,110
117,2020-09-04 13:50:54,mint,1,190,190
118,2020-09-04 14:02:30,mint,1,190,190
119,2020-09-04 16:07:09,crisp,2,130,260
120,2020-09-04 16:07:37,chocolate,1,150,150
121,2020-09-04 16:12:01,chocolate,1,150,150
122,2020-09-04 16:39:06,mint,2,190,380
123,2020-09-04 16:50:41,crisp,1,130,130
123,2020-09-04 16:50:41,mint,1,190,190
124,2020-09-04 18:11:09,chocolate,1,150,150
125,2020-09-04 19:06:17,gum,1,110,110
126,2020-09-04 19:43:07,chocolate,1,150,150
127,2020-09-04 20:38:35,mint,1,190,190
128,2020-09-04 20:53:52,crisp,3,130,390
129,2020-09-04 21:50:01,chocolate,2,150,300
130,2020-09-04 21:50:11,chocolate,1,150,150
131,2020-09-04 21:56:48,mint,1,190,190
132,2020-09-05 10:16:19,crisp,2,130,260
133,2020-09-05 10:43:10,gum,1,110,110
134,2020-09-05 10:52:10,gum,1,110,110
135,2020-09-05 11:01:14,mint,1,190,190
136,2020-09-05 11:18:26,chocolate,2,150,300
137,2020-09-05 11:43:57,chocolate,4,150,600
138,2020-09-05 11:52:50,chocolate,1,150,150
139,2020-09-05 12:01:30,gum,1,110,110
140,2020-09-05 12:30:09,mint,1,190,190
141,2020-09-05 13:01:11,chocolate,1,150,150
142,2020-09-05 13:25:41,gum,2,110,220
143,2020-09-05 13:43:11,gum,1,110,110
144,2020-09-05 14:33:37,gum,2,110,220
145,2020-09-05 14:42:15,mint,1,190,190
145,2020-09-05 14:42:15,gum,1,110,110
146,2020-09-05 14:52:35,gum,1,110,110
147,2020-09-05 15:19:06,chocolate,1,150,150
148,2020-09-05 15:54:48,mint,1,190,190
149,2020-09-05 16:00:07,gum,1,110,110
150,2020-09-05 16:00:48,crisp,2,130,260
151,2020-09-05 16:23:16,mint,1,190,190
151,2020-09-05 16:23:16,crisp,1,130,130
152,2020-09-05 17:10:40,gum,2,110,220
153,2020-09-05 17:14:37,mint,2,190,380
154,2020-09-05 17:16:49,chocolate,3,150,450
155,2020-09-05 17:22:44,crisp,1,130,130
156,2020-09-05 17:31:30,crisp,2,130,260
157,2020-09-05 18:03:03,chocolate,1,150,150
158,2020-09-05 18:15:40,gum,3,110,330
159,2020-09-05 18:22:25,gum,1,110,110
160,2020-09-05 19:10:41,gum,4,110,440
161,2020-09-05 19:12:15,mint,1,190,190
162,2020-09-05 20:33:09,crisp,2,130,260
163,2020-09-05 21:07:30,mint,1,190,190
164,2020-09-05 21:36:40,mint,1,190,190
165,2020-09-06 10:00:55,chocolate,1,150,150
166,2020-09-06 10:06:14,crisp,4,130,520
167,2020-09-06 10:23:14,crisp,4,130,520
168,2020-09-06 10:25:03,crisp,1,130,130
169,2020-09-06 10:27:01,mint,1,190,190
170,2020-09-06 10:56:52,mint,4,190,760
170,2020-09-06 10:56:52,crisp,2,130,260
170,2020-09-06 10:56:52,gum,1,110,110
171,2020-09-06 10:57:21,chocolate,2,150,300
172,2020-09-06 11:40:17,crisp,1,130,130
173,2020-09-06 11:43:43,crisp,2,130,260
174,2020-09-06 11:44:01,mint,1,190,190
175,2020-09-06 12:09:52,crisp,1,130,130
176,2020-09-06 12:29:17,gum,1,110,110
177,2020-09-06 12:39:50,chocolate,2,150,300
178,2020-09-06 12:42:38,crisp,1,130,130
179,2020-09-06 12:59:15,chocolate,4,150,600
180,2020-09-06 13:12:59,mint,1,190,190
181,2020-09-06 13:32:40,crisp,4,130,520
182,2020-09-06 13:35:49,chocolate,2,150,300
183,2020-09-06 14:28:30,gum,1,110,110
184,2020-09-06 14:45:26,gum,1,110,110
185,2020-09-06 15:18:26,crisp,2,130,260
186,2020-09-06 15:54:28,crisp,1,130,130
187,2020-09-06 16:23:06,gum,1,110,110
187,2020-09-06 16:23:06,crisp,3,130,390
188,2020-09-06 17:04:29,gum,1,110,110
189,2020-09-06 17:38:01,chocolate,1,150,150
190,2020-09-06 17:57:14,chocolate,2,150,300
191,2020-09-06 18:14:20,gum,2,110,220
192,2020-09-06 18:26:02,mint,1,190,190
193,2020-09-06 18:32:29,chocolate,1,150,150
194,2020-09-06 18:45:24,gum,1,110,110
195,2020-09-06 19:10:36,mint,1,190,190
195,2020-09-06 19:10:36,chocolate,3,150,450
196,2020-09-06 19:19:33,gum,1,110,110
197,2020-09-06 19:25:29,mint,2,190,380
198,2020-09-06 19:39:43,mint,3,190,570
199,2020-09-06 19:58:34,gum,1,110,110
200,2020-09-06 20:34:31,crisp,2,130,260
201,2020-09-06 20:57:50,chocolate,1,150,150
202,2020-09-06 21:20:45,mint,1,190,190
203,2020-09-06 21:25:08,chocolate,1,150,150
204,2020-09-06 21:46:39,gum,1,110,110
205,2020-09-06 21:48:46,gum,4,110,440
205,2020-09-06 21:48:46,mint,1,190,190
205,2020-09-06 21:48:46,crisp,6,130,780
206,2020-09-07 10:53:29,mint,1,190,190
207,2020-09-07 11:29:25,chocolate,1,150,150
208,2020-09-07 11:33:11,mint,2,190,380
209,2020-09-07 11:52:54,chocolate,1,150,150
210,2020-09-07 12:07:11,mint,1,190,190
210,2020-09-07 12:07:11,crisp,2,130,260
211,2020-09-07 12:17:27,chocolate,2,150,300
212,2020-09-07 12:30:54,mint,1,190,190
213,2020-09-07 13:09:35,gum,1,110,110
214,2020-09-07 14:10:04,chocolate,3,150,450
215,2020-09-07 14:36:57,chocolate,1,150,150
216,2020-09-07 15:12:14,mint,1,190,190
217,2020-09-07 15:13:17,crisp,2,130,260
218,2020-09-07 15:42:40,crisp,1,130,130
219,2020-09-07 16:11:38,gum,1,110,110
220,2020-09-07 16:45:25,chocolate,1,150,150
221,2020-09-07 16:57:28,chocolate,1,150,150
222,2020-09-07 17:23:29,mint,2,190,380
223,2020-09-07 17:29:56,gum,1,110,110
224,2020-09-07 17:49:45,crisp,1,130,130
225,2020-09-07 18:26:40,gum,1,110,110
226,2020-09-07 18:36:15,crisp,1,130,130
227,2020-09-07 18:51:34,crisp,2,130,260
228,2020-09-07 19:12:33,crisp,2,130,260
229,2020-09-07 19:39:23,mint,1,190,190
230,2020-09-07 20:44:00,crisp,2,130,260
231,2020-09-07 21:50:52,mint,1,190,190
232,2020-09-07 21:57:34,mint,5,190,950
233,2020-09-08 10:05:47,crisp,2,130,260
234,2020-09-08 10:38:04,gum,4,110,440
235,2020-09-08 10:52:53,gum,1,110,110
236,2020-09-08 11:44:47,mint,1,190,190
237,2020-09-08 12:22:40,crisp,2,130,260
238,2020-09-08 12:51:53,crisp,1,130,130
239,2020-09-08 13:05:44,chocolate,1,150,150
240,2020-09-08 13:07:49,crisp,1,130,130
241,2020-09-08 13:27:24,chocolate,1,150,150
242,2020-09-08 14:22:54,chocolate,1,150,150
243,2020-09-08 15:01:21,crisp,1,130,130
244,2020-09-08 15:24:12,chocolate,2,150,300
245,2020-09-08 15:27:20,crisp,1,130,130
246,2020-09-08 15:35:35,gum,1,110,110
247,2020-09-08 15:40:58,chocolate,1,150,150
248,2020-09-08 16:00:23,crisp,1,130,130
249,2020-09-08 17:26:10,gum,1,110,110
250,2020-09-08 17:41:26,mint,1,190,190
251,2020-09-08 18:25:31,mint,1,190,190
252,2020-09-08 19:06:36,gum,1,110,110
252,2020-09-08 19:06:36,crisp,1,130,130
253,2020-09-08 19:13:36,chocolate,1,150,150
254,2020-09-08 19:49:12,crisp,3,130,390
255,2020-09-08 20:45:12,crisp,1,130,130
256,2020-09-08 20:59:10,chocolate,4,150,600
257,2020-09-08 21:11:12,gum,1,110,110
258,2020-09-08 21:13:09,crisp,3,130,390
259,2020-09-08 21:34:11,chocolate,3,150,450
260,2020-09-09 10:21:45,crisp,3,130,390
261,2020-09-09 10:37:34,gum,1,110,110
262,2020-09-09 10:52:49,crisp,2,130,260
263,2020-09-09 11:04:10,mint,1,190,190
264,2020-09-09 11:12:07,gum,1,110,110
265,2020-09-09 11:18:15,chocolate,1,150,150
266,2020-09-09 11:25:17,chocolate,3,150,450
267,2020-09-09 11:46:26,mint,3,190,570
268,2020-09-09 11:48:02,chocolate,3,150,450
269,2020-09-09 12:02:57,chocolate,2,150,300
270,2020-09-09 12:11:15,gum,1,110,110
271,2020-09-09 12:23:52,gum,3,110,330
272,2020-09-09 12:24:19,mint,1,190,190
273,2020-09-09 12:34:24,gum,1,110,110
274,2020-09-09 13:12:51,mint,1,190,190
275,2020-09-09 14:01:23,chocolate,1,150,150
276,2020-09-09 14:32:46,chocolate,1,150,150
277,2020-09-09 14:40:52,chocolate,1,150,150
278,2020-09-09 16:19:21,chocolate,2,150,300
279,2020-09-09 16:41:18,chocolate,1,150,150
280,2020-09-09 17:26:29,crisp,1,130,130
281,2020-09-09 17:46:13,crisp,1,130,130
282,2020-09-09 18:04:40,crisp,1,130,130
283,2020-09-09 18:23:06,crisp,1,130,130
284,2020-09-09 18:32:24,mint,1,190,190
285,2020-09-09 18:34:27,chocolate,1,150,150
286,2020-09-09 18:36:04,chocolate,2,150,300
287,2020-09-09 18:50:21,chocolate,1,150,150
288,2020-09-09 19:07:29,chocolate,1,150,150
289,2020-09-09 19:27:13,mint,1,190,190
290,2020-09-09 19:45:32,crisp,1,130,130
291,2020-09-09 20:21:26,crisp,1,130,130
292,2020-09-09 20:47:34,crisp,1,130,130
293,2020-09-09 21:31:49,mint,1,190,190
294,2020-09-09 21:57:16,chocolate,1,150,150
295,2020-09-10 10:04:02,chocolate,1,150,150
296,2020-09-10 10:52:28,crisp,1,130,130
297,2020-09-10 10:59:53,gum,3,110,330
298,2020-09-10 11:03:06,gum,1,110,110
299,2020-09-10 11:26:34,chocolate,1,150,150
300,2020-09-10 11:31:20,crisp,1,130,130
300,2020-09-10 11:31:20,chocolate,5,150,750
301,2020-09-10 11:38:43,mint,1,190,190
302,2020-09-10 12:01:24,mint,3,190,570
303,2020-09-10 12:02:29,crisp,3,130,390
304,2020-09-10 12:03:23,mint,3,190,570
304,2020-09-10 12:03:23,chocolate,1,150,150
305,2020-09-10 12:08:55,chocolate,1,150,150
306,2020-09-10 12:16:01,gum,1,110,110
307,2020-09-10 12:23:10,crisp,2,130,260
308,2020-09-10 13:08:54,crisp,1,130,130
309,2020-09-10 13:11:22,gum,1,110,110
310,2020-09-10 13:31:11,chocolate,3,150,450
311,2020-09-10 14:15:31,mint,1,190,190
312,2020-09-10 14:34:43,gum,2,110,220
313,2020-09-10 14:37:24,crisp,1,130,130
314,2020-09-10 14:46:08,crisp,1,130,130
315,2020-09-10 15:28:07,gum,4,110,440
315,2020-09-10 15:28:07,crisp,3,130,390
316,2020-09-10 16:02:54,gum,1,110,110
317,2020-09-10 16:43:24,crisp,3,130,390
318,2020-09-10 16:49:04,chocolate,1,150,150
319,2020-09-10 17:05:56,mint,1,190,190
320,2020-09-10 17:18:49,gum,1,110,110
320,2020-09-10 17:18:49,chocolate,2,150,300
321,2020-09-10 17:20:40,chocolate,1,150,150
322,2020-09-10 17:35:06,chocolate,2,150,300
323,2020-09-10 17:45:05,crisp,1,130,130
324,2020-09-10 17:50:58,crisp,3,130,390
325,2020-09-10 17:52:31,crisp,3,130,390
326,2020-09-10 17:56:52,crisp,3,130,390
327,2020-09-10 18:02:40,gum,1,110,110
328,2020-09-10 18:11:12,gum,1,110,110
329,2020-09-10 18:13:00,gum,3,110,330
330,2020-09-10 18:39:20,chocolate,1,150,150
331,2020-09-10 19:15:33,mint,1,190,190
332,2020-09-10 19:37:18,gum,1,110,110
333,2020-09-10 19:55:45,gum,1,110,110
333,2020-09-10 19:55:45,mint,1,190,190
334,2020-09-10 20:19:00,gum,1,110,110
335,2020-09-10 20:29:02,crisp,1,130,130
336,2020-09-10 20:36:59,chocolate,2,150,300
337,2020-09-10 20:41:19,crisp,1,130,130
338,2020-09-10 21:19:27,chocolate,4,150,600
339,2020-09-10 21:44:10,mint,1,190,190
339,2020-09-10 21:44:10,crisp,1,130,130
339,2020-09-10 21:44:10,gum,1,110,110
339,2020-09-10 21:44:10,chocolate,1,150,150
340,2020-09-10 21:49:25,mint,5,190,950
341,2020-09-11 10:13:21,gum,1,110,110
342,2020-09-11 10:30:53,chocolate,1,150,150
343,2020-09-11 11:41:39,mint,1,190,190
344,2020-09-11 11:44:02,gum,1,110,110
345,2020-09-11 11:48:10,mint,1,190,190
346,2020-09-11 11:54:46,chocolate,2,150,300
347,2020-09-11 13:13:59,gum,1,110,110
348,2020-09-11 13:17:03,mint,1,190,190
349,2020-09-11 13:39:57,gum,1,110,110
350,2020-09-11 13:42:08,mint,2,190,380
351,2020-09-11 14:24:11,chocolate,4,150,600
352,2020-09-11 14:52:35,mint,1,190,190
353,2020-09-11 15:02:56,chocolate,1,150,150
354,2020-09-11 15:26:26,crisp,2,130,260
355,2020-09-11 15:35:29,gum,2,110,220
356,2020-09-11 16:02:18,crisp,1,130,130
357,2020-09-11 17:11:39,crisp,1,130,130
358,2020-09-11 17:40:27,gum,1,110,110
359,2020-09-11 17:44:06,crisp,2,130,260
360,2020-09-11 18:23:54,chocolate,1,150,150
361,2020-09-11 18:26:30,crisp,1,130,130
362,2020-09-11 18:30:25,gum,1,110,110
363,2020-09-11 18:41:19,gum,1,110,110
364,2020-09-11 18:47:55,gum,2,110,220
365,2020-09-11 18:52:21,crisp,1,130,130
366,2020-09-11 18:54:31,chocolate,1,150,150
367,2020-09-11 18:54:33,mint,1,190,190
368,2020-09-11 18:54:49,chocolate,4,150,600
369,2020-09-11 19:17:40,mint,2,190,380
370,2020-09-11 19:45:47,gum,1,110,110
371,2020-09-11 19:46:37,crisp,1,130,130
372,2020-09-11 20:01:05,mint,2,190,380
373,2020-09-11 20:15:49,mint,2,190,380
374,2020-09-11 20:19:53,mint,1,190,190
375,2020-09-11 20:42:15,gum,2,110,220
376,2020-09-11 21:08:23,chocolate,2,150,300
377,2020-09-11 21:09:55,chocolate,1,150,150
378,2020-09-11 21:13:30,chocolate,1,150,150
378,2020-09-11 21:13:30,crisp,3,130,390
379,2020-09-11 21:20:22,crisp,3,130,390
380,2020-09-11 21:22:26,crisp,1,130,130
381,2020-09-11 21:25:44,gum,1,110,110
382,2020-09-11 21:50:11,chocolate,1,150,150
383,2020-09-11 21:52:44,crisp,1,130,130
383,2020-09-11 21:52:44,mint,2,190,380
384,2020-09-11 21:53:37,mint,1,190,190
385,2020-09-12 11:58:18,chocolate,1,150,150
386,2020-09-12 12:12:53,chocolate,1,150,150
387,2020-09-12 12:45:05,gum,1,110,110
388,2020-09-12 12:47:43,chocolate,4,150,600
389,2020-09-12 13:06:19,chocolate,1,150,150
390,2020-09-12 13:15:47,crisp,2,130,260
391,2020-09-12 14:10:52,crisp,1,130,130
392,2020-09-12 14:33:25,crisp,1,130,130
393,2020-09-12 14:44:54,chocolate,2,150,300
393,2020-09-12 14:44:54,gum,1,110,110
394,2020-09-12 14:47:08,gum,1,110,110
395,2020-09-12 14:58:55,gum,1,110,110
396,2020-09-12 15:43:33,chocolate,2,150,300
397,2020-09-12 16:16:31,gum,1,110,110
398,2020-09-12 16:18:25,gum,2,110,220
399,2020-09-12 16:26:18,crisp,1,130,130
400,2020-09-12 17:00:44,crisp,1,130,130
401,2020-09-12 18:10:29,gum,1,110,110
402,2020-09-12 18:16:35,gum,1,110,110
403,2020-09-12 18:43:06,crisp,1,130,130
404,2020-09-12 19:03:30,chocolate,4,150,600
405,2020-09-12 19:24:52,chocolate,1,150,150
406,2020-09-12 19:34:04,gum,1,110,110
406,2020-09-12 19:34:04,crisp,1,130,130
407,2020-09-12 19:34:53,gum,2,110,220
407,2020-09-12 19:34:53,chocolate,2,150,300
408,2020-09-12 19:55:09,gum,2,110,220
409,2020-09-12 19:55:49,gum,1,110,110
409,2020-09-12 19:55:49,chocolate,1,150,150
410,2020-09-12 20:59:58,chocolate,1,150,150
411,2020-09-12 21:21:38,gum,2,110,220
412,2020-09-12 21:25:54,gum,1,110,110
413,2020-09-13 10:09:08,chocolate,1,150,150
414,2020-09-13 10:37:09,crisp,1,130,130
415,2020-09-13 10:53:12,gum,1,110,110
416,2020-09-13 10:56:13,mint,1,190,190
417,2020-09-13 10:57:16,crisp,1,130,130
417,2020-09-13 10:57:16,mint,2,190,380
418,2020-09-13 11:14:29,gum,1,110,110
418,2020-09-13 11:14:29,chocolate,1,150,150
418,2020-09-13 11:14:29,crisp,1,130,130
419,2020-09-13 11:26:10,crisp,1,130,130
420,2020-09-13 11:43:14,chocolate,1,150,150
421,2020-09-13 12:09:21,gum,1,110,110
422,2020-09-13 12:11:43,crisp,4,130,520
423,2020-09-13 12:12:58,chocolate,1,150,150
424,2020-09-13 12:14:47,mint,1,190,190
425,2020-09-13 12:17:45,crisp,2,130,260
426,2020-09-13 12:17:54,chocolate,1,150,150
426,2020-09-13 12:17:54,crisp,5,130,650
427,2020-09-13 12:20:02,gum,2,110,220
428,2020-09-13 12:37:40,crisp,2,130,260
429,2020-09-13 13:17:08,mint,1,190,190
430,2020-09-13 13:26:29,gum,2,110,220
431,2020-09-13 13:50:49,gum,1,110,110
432,2020-09-13 14:20:52,mint,1,190,190
433,2020-09-13 14:24:20,chocolate,1,150,150
434,2020-09-13 14:36:15,crisp,2,130,260
435,2020-09-13 15:14:04,gum,1,110,110
436,2020-09-13 15:20:16,chocolate,1,150,150
437,2020-09-13 15:28:29,gum,1,110,110
438,2020-09-13 16:15:09,crisp,1,130,130
439,2020-09-13 16:40:41,gum,1,110,110
440,2020-09-13 16:43:06,crisp,1,130,130
441,2020-09-13 16:50:31,gum,1,110,110
441,2020-09-13 16:50:31,crisp,1,130,130
442,2020-09-13 17:13:57,mint,4,190,760
443,2020-09-13 18:03:21,crisp,1,130,130
444,2020-09-13 18:31:48,crisp,4,130,520
445,2020-09-13 18:56:24,crisp,4,130,520
446,2020-09-13 19:20:31,gum,1,110,110
447,2020-09-13 19:24:33,crisp,2,130,260
448,2020-09-13 19:26:08,mint,3,190,570
449,2020-09-13 19:51:45,crisp,1,130,130
450,2020-09-13 19:59:19,gum,1,110,110
451,2020-09-13 20:08:24,crisp,2,130,260
452,2020-09-13 20:09:14,crisp,1,130,130
453,2020-09-13 20:40:52,gum,1,110,110
454,2020-09-13 21:17:46,chocolate,2,150,300
455,2020-09-13 21:31:36,gum,1,110,110
456,2020-09-13 21:34:33,gum,1,110,110
457,2020-09-14 10:13:02,gum,1,110,110
458,2020-09-14 10:25:19,mint,2,190,380
459,2020-09-14 10:43:43,crisp,1,130,130
460,2020-09-14 11:00:28,gum,1,110,110
461,2020-09-14 11:57:28,crisp,1,130,130
462,2020-09-14 12:21:44,mint,3,190,570
463,2020-09-14 12:24:35,mint,3,190,570
464,2020-09-14 13:21:46,crisp,1,130,130
465,2020-09-14 13:31:26,crisp,2,130,260
466,2020-09-14 13:33:56,gum,2,110,220
467,2020-09-14 13:46:17,gum,2,110,220
468,2020-09-14 14:03:09,gum,1,110,110
469,2020-09-14 14:26:43,crisp,1,130,130
470,2020-09-14 14:26:53,mint,1,190,190
471,2020-09-14 14:41:36,crisp,1,130,130
472,2020-09-14 14:55:54,mint,1,190,190
473,2020-09-14 15:08:51,chocolate,2,150,300
474,2020-09-14 15:20:54,chocolate,3,150,450
475,2020-09-14 15:23:32,chocolate,2,150,300
476,2020-09-14 16:22:37,chocolate,1,150,150
477,2020-09-14 17:09:09,chocolate,1,150,150
478,2020-09-14 17:09:46,gum,1,110,110
479,2020-09-14 17:17:41,mint,3,190,570
480,2020-09-14 17:27:26,gum,1,110,110
481,2020-09-14 17:39:46,crisp,2,130,260
482,2020-09-14 17:55:56,gum,1,110,110
483,2020-09-14 18:00:56,crisp,4,130,520
484,2020-09-14 18:05:18,chocolate,1,150,150
485,2020-09-14 18:27:01,mint,1,190,190
486,2020-09-14 19:46:22,chocolate,1,150,150
487,2020-09-14 20:04:04,gum,2,110,220
488,2020-09-14 20:31:13,crisp,2,130,260
489,2020-09-14 20:46:30,mint,2,190,380
490,2020-09-14 20:52:20,crisp,1,130,130
491,2020-09-14 20:55:40,mint,1,190,190
492,2020-09-14 21:09:40,chocolate,2,150,300
493,2020-09-14 21:27:34,chocolate,2,150,300
494,2020-09-15 10:03:51,gum,1,110,110
495,2020-09-15 10:11:13,chocolate,1,150,150
496,2020-09-15 10:11:23,gum,1,110,110
497,2020-09-15 10:13:04,crisp,1,130,130
498,2020-09-15 10:30:45,crisp,1,130,130
499,2020-09-15 11:10:29,gum,2,110,220
500,2020-09-15 11:23:17,gum,2,110,220
501,2020-09-15 11:47:47,gum,3,110,330
502,2020-09-15 12:21:22,chocolate,2,150,300
503,2020-09-15 12:46:57,gum,2,110,220
504,2020-09-15 13:05:50,mint,1,190,190
505,2020-09-15 13:22:56,crisp,2,130,260
506,2020-09-15 13:37:44,gum,1,110,110
506,2020-09-15 13:37:44,crisp,1,130,130
507,2020-09-15 13:47:13,crisp,1,130,130
508,2020-09-15 13:54:42,gum,3,110,330
509,2020-09-15 14:21:10,crisp,2,130,260
510,2020-09-15 14:21:52,gum,1,110,110
511,2020-09-15 14:36:22,chocolate,2,150,300
512,2020-09-15 15:29:02,crisp,1,130,130
513,2020-09-15 16:16:49,crisp,1,130,130
514,2020-09-15 16:19:45,mint,1,190,190
515,2020-09-15 16:52:28,crisp,2,130,260
516,2020-09-15 17:00:23,mint,1,190,190
517,2020-09-15 17:23:30,chocolate,1,150,150
518,2020-09-15 17:41:12,mint,1,190,190
519,2020-09-15 18:30:30,mint,1,190,190
520,2020-09-15 18:51:28,chocolate,1,150,150
521,2020-09-15 19:06:21,mint,1,190,190
522,2020-09-15 19:29:09,chocolate,1,150,150
523,2020-09-15 19:30:48,chocolate,1,150,150
524,2020-09-15 19:45:53,chocolate,2,150,300
525,2020-09-15 21:32:22,chocolate,5,150,750
526,2020-09-15 21:53:36,chocolate,1,150,150
527,2020-09-16 10:01:12,chocolate,1,150,150
528,2020-09-16 10:19:23,mint,1,190,190
529,2020-09-16 10:21:42,crisp,3,130,390
530,2020-09-16 11:00:30,chocolate,3,150,450
531,2020-09-16 11:06:48,gum,3,110,330
532,2020-09-16 11:22:11,mint,5,190,950
533,2020-09-16 11:37:58,chocolate,3,150,450
534,2020-09-16 11:42:36,gum,4,110,440
535,2020-09-16 12:14:19,gum,1,110,110
535,2020-09-16 12:14:19,crisp,1,130,130
536,2020-09-16 12:24:39,mint,1,190,190
537,2020-09-16 13:03:32,crisp,1,130,130
538,2020-09-16 13:07:18,mint,2,190,380
539,2020-09-16 13:11:11,crisp,1,130,130
540,2020-09-16 13:39:23,gum,1,110,110
540,2020-09-16 13:39:23,chocolate,2,150,300
541,2020-09-16 13:47:13,gum,1,110,110
542,2020-09-16 13:59:54,crisp,1,130,130
543,2020-09-16 14:01:08,crisp,3,130,390
544,2020-09-16 14:09:30,gum,1,110,110
545,2020-09-16 14:27:44,chocolate,1,150,150
546,2020-09-16 15:32:33,chocolate,1,150,150
547,2020-09-16 15:36:51,chocolate,1,150,150
548,2020-09-16 16:30:42,chocolate,1,150,150
549,2020-09-16 17:18:42,chocolate,1,150,150
550,2020-09-16 17:33:25,gum,1,110,110
551,2020-09-16 17:49:03,chocolate,2,150,300
552,2020-09-16 18:48:31,chocolate,1,150,150
553,2020-09-16 18:52:40,chocolate,2,150,300
554,2020-09-16 19:19:49,chocolate,2,150,300
555,2020-09-16 20:04:52,gum,1,110,110
556,2020-09-16 20:31:31,chocolate,1,150,150
557,2020-09-16 21:42:30,crisp,1,130,130
557,2020-09-16 21:42:30,chocolate,2,150,300
558,2020-09-16 21:58:21,gum,1,110,110
559,2020-09-17 10:01:40,chocolate,1,150,150
560,2020-09-17 10:08:20,crisp,1,130,130
561,2020-09-17 10:12:08,chocolate,1,150,150
562,2020-09-17 11:06:31,gum,1,110,110
563,2020-09-17 11:19:09,crisp,3,130,390
564,2020-09-17 11:41:43,gum,3,110,330
565,2020-09-17 11:48:14,mint,1,190,190
566,2020-09-17 12:29:08,chocolate,2,150,300
567,2020-09-17 12:46:01,gum,2,110,220
568,2020-09-17 13:15:03,chocolate,1,150,150
569,2020-09-17 13:31:36,chocolate,1,150,150
570,2020-09-17 13:33:36,chocolate,1,150,150
571,2020-09-17 13:56:34,crisp,2,130,260
571,2020-09-17 13:56:34,gum,1,110,110
572,2020-09-17 14:02:10,chocolate,2,150,300
573,2020-09-17 14:19:21,mint,2,190,380
574,2020-09-17 14:32:30,gum,1,110,110
575,2020-09-17 14:38:56,mint,1,190,190
576,2020-09-17 14:53:45,chocolate,2,150,300
576,2020-09-17 14:53:45,mint,2,190,380
577,2020-09-17 14:56:38,gum,2,110,220
578,2020-09-17 15:04:03,gum,1,110,110
579,2020-09-17 15:21:00,mint,1,190,190
580,2020-09-17 15:23:39,crisp,2,130,260
581,2020-09-17 15:28:48,crisp,2,130,260
582,2020-09-17 15:35:17,mint,1,190,190
582,2020-09-17 15:35:17,gum,1,110,110
583,2020-09-17 15:48:21,crisp,2,130,260
584,2020-09-17 16:41:10,crisp,2,130,260
585,2020-09-17 17:07:03,gum,1,110,110
586,2020-09-17 17:21:52,gum,4,110,440
586,2020-09-17 17:21:52,crisp,1,130,130
587,2020-09-17 18:44:11,mint,4,190,760
588,2020-09-17 19:57:59,crisp,1,130,130
589,2020-09-17 20:14:39,chocolate,2,150,300
590,2020-09-17 20:27:45,mint,1,190,190
591,2020-09-17 20:30:37,mint,1,190,190
592,2020-09-17 20:39:31,mint,1,190,190
593,2020-09-17 20:55:51,chocolate,2,150,300
594,2020-09-17 21:09:00,chocolate,3,150,450
595,2020-09-17 21:24:21,crisp,2,130,260
596,2020-09-17 21:33:13,gum,1,110,110
597,2020-09-17 21:33:28,mint,1,190,190
598,2020-09-17 21:59:51,gum,1,110,110
599,2020-09-18 10:21:51,crisp,1,130,130
600,2020-09-18 10:54:04,gum,1,110,110
601,2020-09-18 11:06:32,mint,1,190,190
602,2020-09-18 11:19:32,crisp,1,130,130
603,2020-09-18 11:25:56,mint,4,190,760
604,2020-09-18 11:32:17,mint,1,190,190
605,2020-09-18 11:59:10,crisp,1,130,130
606,2020-09-18 12:09:07,chocolate,2,150,300
607,2020-09-18 12:22:22,gum,1,110,110
608,2020-09-18 12:42:02,mint,3,190,570
609,2020-09-18 13:12:31,mint,1,190,190
610,2020-09-18 13:15:36,chocolate,2,150,300
611,2020-09-18 13:27:02,chocolate,1,150,150
612,2020-09-18 13:31:37,gum,1,110,110
612,2020-09-18 13:31:37,crisp,3,130,390
613,2020-09-18 14:11:55,crisp,1,130,130
614,2020-09-18 14:22:01,chocolate,1,150,150
615,2020-09-18 14:41:32,mint,2,190,380
616,2020-09-18 14:45:40,mint,1,190,190
617,2020-09-18 14:49:45,crisp,1,130,130
618,2020-09-18 15:06:42,gum,2,110,220
619,2020-09-18 15:25:46,crisp,1,130,130
620,2020-09-18 15:31:47,crisp,5,130,650
621,2020-09-18 16:06:21,mint,1,190,190
622,2020-09-18 16:26:01,crisp,1,130,130
623,2020-09-18 17:13:27,mint,1,190,190
624,2020-09-18 17:22:23,chocolate,1,150,150
625,2020-09-18 17:42:55,gum,3,110,330
626,2020-09-18 17:55:58,crisp,1,130,130
627,2020-09-18 18:10:16,crisp,1,130,130
627,2020-09-18 18:10:16,chocolate,1,150,150
628,2020-09-18 18:21:18,crisp,1,130,130
629,2020-09-18 18:27:04,crisp,1,130,130
630,2020-09-18 18:49:24,chocolate,1,150,150
631,2020-09-18 18:50:40,crisp,3,130,390
632,2020-09-18 19:37:56,gum,3,110,330
633,2020-09-18 20:14:44,gum,1,110,110
634,2020-09-18 20:29:24,gum,2,110,220
635,2020-09-18 20:46:24,mint,1,190,190
636,2020-09-18 21:00:33,chocolate,2,150,300
637,2020-09-18 21:20:57,gum,1,110,110
638,2020-09-18 21:51:45,chocolate,1,150,150
639,2020-09-19 11:13:39,gum,1,110,110
639,2020-09-19 11:13:39,chocolate,3,150,450
640,2020-09-19 11:39:26,gum,1,110,110
641,2020-09-19 12:02:29,crisp,4,130,520
642,2020-09-19 12:22:22,gum,5,110,550
643,2020-09-19 12:59:16,mint,1,190,190
644,2020-09-19 13:45:26,mint,1,190,190
645,2020-09-19 14:23:54,crisp,1,130,130
646,2020-09-19 15:09:15,gum,2,110,220
647,2020-09-19 15:26:03,crisp,1,130,130
648,2020-09-19 15:28:45,chocolate,1,150,150
649,2020-09-19 16:18:48,mint,1,190,190
650,2020-09-19 16:53:59,crisp,2,130,260
651,2020-09-19 17:40:28,mint,1,190,190
652,2020-09-19 17:43:31,gum,1,110,110
653,2020-09-19 18:02:14,crisp,1,130,130
654,2020-09-19 18:03:38,gum,2,110,220
655,2020-09-19 18:03:50,chocolate,6,150,900
656,2020-09-19 18:04:17,chocolate,1,150,150
657,2020-09-19 18:05:36,gum,2,110,220
658,2020-09-19 18:19:24,chocolate,1,150,150
659,2020-09-19 18:58:53,chocolate,1,150,150
660,2020-09-19 19:43:09,chocolate,1,150,150
661,2020-09-19 20:32:07,mint,1,190,190
662,2020-09-19 20:41:04,chocolate,1,150,150
662,2020-09-19 20:41:04,crisp,2,130,260
662,2020-09-19 20:41:04,gum,1,110,110
663,2020-09-19 20:43:52,gum,1,110,110
664,2020-09-19 20:59:02,gum,2,110,220
665,2020-09-20 10:07:52,chocolate,1,150,150
666,2020-09-20 10:14:02,gum,1,110,110
667,2020-09-20 11:02:27,mint,1,190,190
668,2020-09-20 11:10:19,chocolate,1,150,150
669,2020-09-20 12:15:29,mint,1,190,190
670,2020-09-20 12:20:43,chocolate,1,150,150
671,2020-09-20 12:52:31,crisp,1,130,130
672,2020-09-20 13:01:44,crisp,4,130,520
673,2020-09-20 13:16:06,crisp,1,130,130
674,2020-09-20 13:19:11,gum,1,110,110
675,2020-09-20 13:27:59,chocolate,4,150,600
676,2020-09-20 13:54:50,mint,1,190,190
677,2020-09-20 14:03:14,gum,2,110,220
678,2020-09-20 14:31:03,chocolate,1,150,150
679,2020-09-20 14:52:19,gum,1,110,110
680,2020-09-20 14:56:09,crisp,1,130,130
681,2020-09-20 15:14:43,chocolate,1,150,150
682,2020-09-20 15:37:24,mint,1,190,190
683,2020-09-20 15:56:08,mint,1,190,190
684,2020-09-20 16:11:48,chocolate,1,150,150
685,2020-09-20 16:35:25,crisp,2,130,260
686,2020-09-20 16:40:51,chocolate,3,150,450
687,2020-09-20 16:57:06,chocolate,1,150,150
688,2020-09-20 17:56:50,chocolate,2,150,300
689,2020-09-20 18:10:55,crisp,2,130,260
690,2020-09-20 18:11:47,crisp,3,130,390
691,2020-09-20 18:22:45,crisp,3,130,390
692,2020-09-20 18:58:17,crisp,1,130,130
693,2020-09-20 19:04:00,crisp,3,130,390
694,2020-09-20 19:13:15,chocolate,2,150,300
695,2020-09-20 19:27:39,gum,2,110,220
696,2020-09-20 20:24:29,mint,1,190,190
697,2020-09-20 20:28:30,crisp,1,130,130
698,2020-09-20 20:32:27,mint,2,190,380
699,2020-09-20 20:40:36,gum,1,110,110
700,2020-09-20 21:10:50,mint,3,190,570
701,2020-09-20 21:53:37,mint,3,190,570
702,2020-09-21 10:05:08,crisp,2,130,260
703,2020-09-21 10:06:12,chocolate,1,150,150
704,2020-09-21 10:15:59,mint,1,190,190
704,2020-09-21 10:15:59,crisp,2,130,260
705,2020-09-21 10:28:09,mint,4,190,760
706,2020-09-21 10:29:46,gum,1,110,110
707,2020-09-21 10:41:53,chocolate,1,150,150
707,2020-09-21 10:41:53,gum,2,110,220
708,2020-09-21 10:47:59,chocolate,1,150,150
709,2020-09-21 10:57:51,crisp,2,130,260
710,2020-09-21 11:12:33,chocolate,1,150,150
711,2020-09-21 11:19:28,chocolate,1,150,150
712,2020-09-21 11:37:53,crisp,1,130,130
713,2020-09-21 11:53:51,chocolate,4,150,600
714,2020-09-21 13:02:55,chocolate,2,150,300
715,2020-09-21 13:13:17,crisp,2,130,260
716,2020-09-21 13:21:00,mint,1,190,190
717,2020-09-21 13:58:02,chocolate,4,150,600
718,2020-09-21 13:58:23,crisp,1,130,130
719,2020-09-21 14:18:56,chocolate,1,150,150
720,2020-09-21 14:28:58,mint,1,190,190
721,2020-09-21 14:44:58,chocolate,3,150,450
722,2020-09-21 15:08:27,crisp,1,130,130
723,2020-09-21 15:14:41,gum,1,110,110
724,2020-09-21 15:36:33,gum,1,110,110
725,2020-09-21 16:01:05,gum,2,110,220
726,2020-09-21 17:25:27,crisp,2,130,260
727,2020-09-21 18:14:58,crisp,1,130,130
728,2020-09-21 18:43:29,chocolate,1,150,150
729,2020-09-21 19:10:51,mint,3,190,570
729,2020-09-21 19:10:51,crisp,1,130,130
730,2020-09-21 19:14:14,gum,1,110,110
731,2020-09-21 19:17:25,chocolate,1,150,150
732,2020-09-21 20:26:18,crisp,3,130,390
733,2020-09-21 20:40:31,chocolate,2,150,300
733,2020-09-21 20:40:31,gum,1,110,110
734,2020-09-21 20:59:47,mint,1,190,190
735,2020-09-22 10:11:24,crisp,1,130,130
736,2020-09-22 10:30:33,crisp,7,130,910
737,2020-09-22 10:32:55,crisp,4,130,520
738,2020-09-22 10:46:13,mint,2,190,380
739,2020-09-22 10:49:38,crisp,1,130,130
740,2020-09-22 11:52:17,mint,1,190,190
741,2020-09-22 11:56:30,gum,1,110,110
742,2020-09-22 12:11:33,mint,1,190,190
743,2020-09-22 12:19:32,chocolate,1,150,150
744,2020-09-22 12:22:13,crisp,1,130,130
745,2020-09-22 12:31:13,chocolate,4,150,600
746,2020-09-22 12:31:49,mint,2,190,380
747,2020-09-22 12:52:27,chocolate,1,150,150
748,2020-09-22 13:13:01,mint,2,190,380
749,2020-09-22 13:15:41,crisp,1,130,130
750,2020-09-22 13:21:16,chocolate,3,150,450
751,2020-09-22 13:28:02,chocolate,1,150,150
752,2020-09-22 13:36:43,gum,2,110,220
753,2020-09-22 13:50:54,crisp,1,130,130
754,2020-09-22 13:54:37,gum,1,110,110
755,2020-09-22 14:15:48,gum,1,110,110
756,2020-09-22 14:26:00,mint,1,190,190
757,2020-09-22 15:14:22,chocolate,1,150,150
758,2020-09-22 15:45:04,crisp,3,130,390
759,2020-09-22 16:39:34,mint,3,190,570
760,2020-09-22 16:48:35,mint,2,190,380
761,2020-09-22 17:28:17,chocolate,3,150,450
762,2020-09-22 17:30:28,mint,1,190,190
763,2020-09-22 17:54:33,chocolate,1,150,150
764,2020-09-22 18:16:40,gum,1,110,110
765,2020-09-22 18:22:26,mint,2,190,380
766,2020-09-22 18:47:25,mint,2,190,380
767,2020-09-22 18:49:11,mint,3,190,570
768,2020-09-22 19:05:32,mint,1,190,190
769,2020-09-22 19:13:13,mint,1,190,190
770,2020-09-22 19:37:15,crisp,2,130,260
771,2020-09-22 19:43:31,crisp,1,130,130
772,2020-09-22 19:43:42,crisp,5,130,650
773,2020-09-22 20:00:19,chocolate,2,150,300
774,2020-09-22 20:08:02,chocolate,1,150,150
775,2020-09-22 20:18:25,gum,2,110,220
776,2020-09-22 20:18:44,gum,1,110,110
777,2020-09-22 20:29:50,chocolate,2,150,300
778,2020-09-22 21:17:54,mint,1,190,190
779,2020-09-22 21:22:49,gum,3,110,330
780,2020-09-22 21:24:14,chocolate,1,150,150
781,2020-09-22 21:42:22,crisp,2,130,260
782,2020-09-23 10:20:17,gum,1,110,110
782,2020-09-23 10:20:17,mint,2,190,380
783,2020-09-23 11:07:37,mint,1,190,190
784,2020-09-23 11:11:25,gum,1,110,110
785,2020-09-23 11:30:01,gum,1,110,110
786,2020-09-23 12:06:30,gum,1,110,110
787,2020-09-23 12:58:02,mint,3,190,570
788,2020-09-23 13:07:43,chocolate,1,150,150
789,2020-09-23 13:37:00,mint,1,190,190
790,2020-09-23 13:57:57,crisp,2,130,260
791,2020-09-23 14:21:32,gum,1,110,110
792,2020-09-23 14:33:04,mint,1,190,190
792,2020-09-23 14:33:04,chocolate,1,150,150
793,2020-09-23 14:40:19,mint,1,190,190
794,2020-09-23 14:54:02,chocolate,1,150,150
795,2020-09-23 14:54:35,crisp,1,130,130
795,2020-09-23 14:54:35,mint,1,190,190
796,2020-09-23 16:12:04,mint,2,190,380
797,2020-09-23 16:14:00,crisp,3,130,390
798,2020-09-23 16:19:21,mint,1,190,190
799,2020-09-23 16:26:10,chocolate,2,150,300
800,2020-09-23 16:46:48,gum,1,110,110
801,2020-09-23 16:55:13,mint,2,190,380
802,2020-09-23 17:18:08,mint,1,190,190
803,2020-09-23 18:11:48,mint,1,190,190
804,2020-09-23 18:34:57,mint,1,190,190
805,2020-09-23 18:58:01,gum,1,110,110
806,2020-09-23 19:19:44,gum,1,110,110
807,2020-09-23 19:30:42,gum,1,110,110
808,2020-09-23 19:34:10,chocolate,1,150,150
809,2020-09-23 19:42:53,crisp,5,130,650
810,2020-09-23 19:47:49,crisp,2,130,260
811,2020-09-23 20:09:48,chocolate,1,150,150
812,2020-09-23 20:15:57,gum,1,110,110
813,2020-09-23 20:32:19,gum,1,110,110
814,2020-09-23 20:36:09,mint,1,190,190
815,2020-09-23 20:49:13,gum,1,110,110
816,2020-09-23 21:36:15,gum,1,110,110
817,2020-09-23 21:45:12,chocolate,1,150,150
818,2020-09-23 21:55:48,chocolate,2,150,300
819,2020-09-24 10:03:47,gum,1,110,110
820,2020-09-24 10:56:15,chocolate,1,150,150
821,2020-09-24 11:04:25,mint,1,190,190
822,2020-09-24 11:12:44,gum,2,110,220
823,2020-09-24 11:14:56,gum,1,110,110
824,2020-09-24 11:48:20,chocolate,1,150,150
825,2020-09-24 11:49:31,crisp,1,130,130
826,2020-09-24 12:11:01,chocolate,3,150,450
827,2020-09-24 12:18:16,mint,3,190,570
828,2020-09-24 12:32:53,mint,2,190,380
829,2020-09-24 12:58:39,chocolate,1,150,150
830,2020-09-24 13:02:49,mint,1,190,190
831,2020-09-24 13:27:52,crisp,1,130,130
832,2020-09-24 13:30:48,crisp,1,130,130
833,2020-09-24 13:49:40,crisp,1,130,130
834,2020-09-24 13:51:44,chocolate,3,150,450
834,2020-09-24 13:51:44,gum,1,110,110
835,2020-09-24 14:35:12,chocolate,1,150,150
836,2020-09-24 14:45:09,crisp,3,130,390
837,2020-09-24 14:59:45,chocolate,1,150,150
838,2020-09-24 15:03:32,crisp,1,130,130
839,2020-09-24 15:35:08,chocolate,1,150,150
840,2020-09-24 15:54:11,mint,1,190,190
841,2020-09-24 16:04:50,crisp,5,130,650
842,2020-09-24 16:13:00,gum,1,110,110
843,2020-09-24 16:13:25,chocolate,2,150,300
844,2020-09-24 16:37:05,chocolate,1,150,150
845,2020-09-24 16:37:50,mint,1,190,190
846,2020-09-24 16:51:02,gum,4,110,440
847,2020-09-24 17:26:31,crisp,4,130,520
848,2020-09-24 17:44:46,crisp,2,130,260
849,2020-09-24 17:58:39,chocolate,1,150,150
850,2020-09-24 19:02:22,crisp,3,130,390
851,2020-09-24 19:10:26,chocolate,3,150,450
852,2020-09-24 19:48:05,gum,3,110,330
853,2020-09-25 10:14:47,mint,2,190,380
854,2020-09-25 10:29:28,mint,1,190,190
855,2020-09-25 10:50:21,chocolate,1,150,150
855,2020-09-25 10:50:21,gum,1,110,110
856,2020-09-25 10:56:51,gum,4,110,440
857,2020-09-25 10:58:19,mint,1,190,190
858,2020-09-25 11:16:02,chocolate,2,150,300
859,2020-09-25 11:26:02,crisp,2,130,260
860,2020-09-25 11:29:05,chocolate,1,150,150
861,2020-09-25 11:29:34,crisp,1,130,130
862,2020-09-25 11:44:21,mint,1,190,190
863,2020-09-25 11:59:34,gum,1,110,110
864,2020-09-25 12:03:12,gum,2,110,220
865,2020-09-25 12:37:46,gum,1,110,110
866,2020-09-25 12:49:50,mint,1,190,190
866,2020-09-25 12:49:50,crisp,1,130,130
867,2020-09-25 12:58:24,crisp,2,130,260
868,2020-09-25 13:03:10,gum,1,110,110
869,2020-09-25 13:07:13,mint,2,190,380
870,2020-09-25 14:11:40,chocolate,1,150,150
871,2020-09-25 14:14:02,mint,3,190,570
872,2020-09-25 14:15:07,gum,1,110,110
873,2020-09-25 14:16:45,mint,2,190,380
874,2020-09-25 14:27:18,chocolate,1,150,150
875,2020-09-25 14:42:09,chocolate,2,150,300
876,2020-09-25 14:56:12,gum,1,110,110
877,2020-09-25 15:04:22,crisp,1,130,130
878,2020-09-25 15:18:26,chocolate,2,150,300
879,2020-09-25 15:18:52,crisp,2,130,260
880,2020-09-25 15:19:27,mint,1,190,190
881,2020-09-25 16:15:24,chocolate,1,150,150
882,2020-09-25 16:17:12,chocolate,1,150,150
883,2020-09-25 16:29:44,gum,1,110,110
884,2020-09-25 16:47:38,mint,1,190,190
885,2020-09-25 17:19:58,mint,1,190,190
886,2020-09-25 18:02:14,crisp,1,130,130
887,2020-09-25 18:03:30,mint,1,190,190
888,2020-09-25 18:24:57,mint,2,190,380
889,2020-09-25 18:57:18,chocolate,1,150,150
890,2020-09-25 19:03:00,crisp,1,130,130
891,2020-09-25 19:16:08,chocolate,2,150,300
892,2020-09-25 19:50:01,crisp,3,130,390
893,2020-09-25 19:52:27,mint,1,190,190
894,2020-09-25 19:54:53,mint,1,190,190
895,2020-09-25 20:10:42,chocolate,1,150,150
896,2020-09-25 20:28:08,mint,1,190,190
897,2020-09-25 20:56:08,chocolate,2,150,300
898,2020-09-25 21:24:47,crisp,2,130,260
899,2020-09-26 10:23:16,crisp,3,130,390
900,2020-09-26 10:30:16,gum,1,110,110
901,2020-09-26 10:36:17,gum,1,110,110
902,2020-09-26 10:40:56,crisp,1,130,130
903,2020-09-26 10:53:01,chocolate,2,150,300
904,2020-09-26 10:56:30,gum,1,110,110
905,2020-09-26 11:11:38,gum,3,110,330
906,2020-09-26 11:41:35,gum,1,110,110
907,2020-09-26 11:46:27,mint,1,190,190
908,2020-09-26 11:56:35,gum,1,110,110
909,2020-09-26 12:09:47,gum,1,110,110
910,2020-09-26 12:35:33,crisp,1,130,130
911,2020-09-26 12:53:27,chocolate,1,150,150
912,2020-09-26 13:16:55,chocolate,1,150,150
913,2020-09-26 13:17:42,crisp,1,130,130
914,2020-09-26 14:40:18,chocolate,1,150,150
915,2020-09-26 14:56:50,gum,1,110,110
916,2020-09-26 15:59:43,crisp,1,130,130
917,2020-09-26 16:10:09,crisp,1,130,130
918,2020-09-26 16:18:08,gum,1,110,110
919,2020-09-26 17:02:26,crisp,1,130,130
920,2020-09-26 17:25:12,gum,1,110,110
921,2020-09-26 17:29:39,crisp,1,130,130
922,2020-09-26 17:35:55,crisp,3,130,390
923,2020-09-26 17:58:09,chocolate,1,150,150
924,2020-09-26 18:36:18,gum,1,110,110
925,2020-09-26 18:38:23,gum,4,110,440
926,2020-09-26 18:49:36,crisp,1,130,130
927,2020-09-26 19:33:02,crisp,1,130,130
928,2020-09-26 19:46:15,gum,1,110,110
929,2020-09-26 19:59:56,crisp,1,130,130
930,2020-09-26 20:35:12,gum,1,110,110
931,2020-09-26 20:35:44,crisp,2,130,260
932,2020-09-26 20:49:38,chocolate,1,150,150
933,2020-09-26 21:08:35,crisp,1,130,130
934,2020-09-26 21:23:06,gum,1,110,110
935,2020-09-26 21:39:50,gum,1,110,110
936,2020-09-27 10:00:57,mint,1,190,190
937,2020-09-27 10:08:55,gum,1,110,110
938,2020-09-27 10:13:48,crisp,3,130,390
939,2020-09-27 10:38:29,mint,1,190,190
940,2020-09-27 11:06:26,gum,3,110,330
941,2020-09-27 11:26:00,gum,1,110,110
942,2020-09-27 11:35:06,chocolate,3,150,450
943,2020-09-27 11:54:26,chocolate,3,150,450
944,2020-09-27 12:06:14,chocolate,4,150,600
945,2020-09-27 12:08:31,gum,3,110,330
946,2020-09-27 12:11:11,crisp,1,130,130
947,2020-09-27 12:33:57,crisp,4,130,520
948,2020-09-27 13:14:26,chocolate,1,150,150
949,2020-09-27 13:17:11,gum,4,110,440
950,2020-09-27 13:25:00,mint,1,190,190
951,2020-09-27 13:32:42,mint,1,190,190
952,2020-09-27 13:45:35,chocolate,1,150,150
953,2020-09-27 14:02:44,gum,1,110,110
954,2020-09-27 14:17:51,chocolate,1,150,150
955,2020-09-27 14:23:57,gum,3,110,330
956,2020-09-27 14:32:14,crisp,1,130,130
957,2020-09-27 14:35:13,mint,2,190,380
958,2020-09-27 15:14:39,crisp,3,130,390
958,2020-09-27 15:14:39,mint,1,190,190
959,2020-09-27 15:35:59,mint,1,190,190
960,2020-09-27 15:36:19,mint,1,190,190
961,2020-09-27 15:57:04,mint,2,190,380
962,2020-09-27 17:25:59,chocolate,1,150,150
963,2020-09-27 18:56:50,chocolate,3,150,450
964,2020-09-27 18:58:07,crisp,2,130,260
965,2020-09-27 19:13:11,mint,1,190,190
966,2020-09-27 19:26:46,gum,1,110,110
967,2020-09-27 19:32:50,crisp,2,130,260
968,2020-09-27 19:37:15,gum,1,110,110
969,2020-09-27 19:51:55,gum,1,110,110
970,2020-09-27 20:34:45,gum,1,110,110
971,2020-09-27 20:54:03,crisp,3,130,390
972,2020-09-27 21:16:29,chocolate,1,150,150
973,2020-09-27 21:35:43,gum,2,110,220
974,2020-09-27 21:37:40,mint,1,190,190
975,2020-09-27 21:41:29,chocolate,1,150,150
976,2020-09-27 21:42:30,mint,1,190,190
977,2020-09-27 21:52:32,mint,2,190,380
978,2020-09-27 21:52:37,mint,1,190,190
979,2020-09-28 10:32:26,gum,1,110,110
980,2020-09-28 10:39:11,crisp,1,130,130
981,2020-09-28 11:52:47,chocolate,1,150,150
982,2020-09-28 12:16:14,chocolate,4,150,600
983,2020-09-28 12:22:52,crisp,1,130,130
983,2020-09-28 12:22:52,mint,1,190,190
984,2020-09-28 12:24:56,gum,4,110,440
985,2020-09-28 12:41:34,mint,1,190,190
986,2020-09-28 12:45:43,chocolate,1,150,150
987,2020-09-28 12:59:04,chocolate,1,150,150
988,2020-09-28 14:02:04,gum,1,110,110
989,2020-09-28 14:26:23,chocolate,1,150,150
990,2020-09-28 14:52:49,gum,1,110,110
991,2020-09-28 15:09:21,chocolate,2,150,300
992,2020-09-28 15:09:31,crisp,2,130,260
993,2020-09-28 15:11:59,chocolate,2,150,300
994,2020-09-28 15:38:14,chocolate,3,150,450
995,2020-09-28 15:48:13,gum,1,110,110
996,2020-09-28 16:04:40,gum,5,110,550
997,2020-09-28 16:38:11,chocolate,1,150,150
998,2020-09-28 16:50:48,mint,2,190,380
999,2020-09-28 17:37:53,crisp,1,130,130
1000,2020-09-28 17:49:47,mint,1,190,190
1001,2020-09-28 17:55:46,mint,1,190,190
1002,2020-09-28 18:22:04,crisp,1,130,130
1003,2020-09-28 18:29:18,gum,1,110,110
1003,2020-09-28 18:29:18,chocolate,2,150,300
1003,2020-09-28 18:29:18,crisp,1,130,130
1004,2020-09-28 18:30:58,gum,1,110,110
1005,2020-09-28 19:34:43,gum,1,110,110
1006,2020-09-28 20:04:10,mint,1,190,190
1007,2020-09-28 20:13:51,crisp,1,130,130
1008,2020-09-28 20:23:41,chocolate,2,150,300
1009,2020-09-28 20:31:07,gum,1,110,110
1010,2020-09-28 20:45:01,crisp,1,130,130
1011,2020-09-28 20:54:12,chocolate,2,150,300
1012,2020-09-28 21:01:10,crisp,2,130,260
1013,2020-09-28 21:04:14,mint,1,190,190
1014,2020-09-28 21:25:11,chocolate,1,150,150
1015,2020-09-28 21:52:00,chocolate,1,150,150
1016,2020-09-29 10:11:48,mint,1,190,190
1017,2020-09-29 10:24:19,crisp,1,130,130
1018,2020-09-29 10:52:48,crisp,3,130,390
1019,2020-09-29 10:58:41,chocolate,3,150,450
1020,2020-09-29 11:12:53,crisp,1,130,130
1021,2020-09-29 11:41:01,crisp,3,130,390
1022,2020-09-29 11:45:58,chocolate,1,150,150
1023,2020-09-29 11:53:18,mint,1,190,190
1024,2020-09-29 12:07:45,crisp,2,130,260
1025,2020-09-29 12:31:50,gum,1,110,110
1026,2020-09-29 12:43:37,chocolate,1,150,150
1027,2020-09-29 13:00:50,gum,2,110,220
1028,2020-09-29 13:04:47,chocolate,2,150,300
1028,2020-09-29 13:04:47,crisp,3,130,390
1029,2020-09-29 13:12:41,mint,1,190,190
1030,2020-09-29 13:29:37,crisp,1,130,130
1031,2020-09-29 13:39:01,mint,2,190,380
1032,2020-09-29 13:57:49,chocolate,1,150,150
1032,2020-09-29 13:57:49,crisp,1,130,130
1032,2020-09-29 13:57:49,mint,1,190,190
1033,2020-09-29 14:06:33,crisp,1,130,130
1034,2020-09-29 14:18:25,gum,1,110,110
1035,2020-09-29 14:43:41,chocolate,1,150,150
1035,2020-09-29 14:43:41,mint,1,190,190
1036,2020-09-29 15:00:34,gum,1,110,110
1037,2020-09-29 16:08:18,gum,1,110,110
1038,2020-09-29 16:28:39,crisp,1,130,130
1039,2020-09-29 16:44:15,chocolate,2,150,300
1040,2020-09-29 17:30:45,gum,1,110,110
1041,2020-09-29 17:42:05,mint,1,190,190
1042,2020-09-29 18:00:51,gum,1,110,110
1043,2020-09-29 18:26:34,mint,1,190,190
1044,2020-09-29 18:30:18,gum,1,110,110
1045,2020-09-29 18:45:13,mint,1,190,190
1046,2020-09-29 18:57:56,gum,1,110,110
1047,2020-09-29 19:40:51,crisp,2,130,260
1048,2020-09-29 19:50:20,crisp,2,130,260
1049,2020-09-29 19:52:50,crisp,1,130,130
1050,2020-09-29 19:59:17,gum,1,110,110
1051,2020-09-29 20:07:26,mint,1,190,190
1052,2020-09-29 20:16:17,crisp,2,130,260
1053,2020-09-29 20:21:08,mint,2,190,380
1054,2020-09-29 20:50:17,mint,1,190,190
1055,2020-09-29 21:17:26,mint,1,190,190
1056,2020-09-29 21:40:41,crisp,4,130,520
1057,2020-09-30 10:57:07,crisp,4,130,520
1058,2020-09-30 11:24:26,gum,1,110,110
1059,2020-09-30 11:29:56,mint,1,190,190
1060,2020-09-30 11:46:05,chocolate,2,150,300
1061,2020-09-30 11:47:17,crisp,2,130,260
1062,2020-09-30 11:53:35,mint,3,190,570
1063,2020-09-30 12:02:48,crisp,6,130,780
1064,2020-09-30 12:15:49,crisp,1,130,130
1065,2020-09-30 12:22:40,crisp,2,130,260
1066,2020-09-30 12:40:32,chocolate,1,150,150
1067,2020-09-30 12:40:39,gum,2,110,220
1068,2020-09-30 12:51:19,chocolate,2,150,300
1069,2020-09-30 12:56:47,crisp,1,130,130
1070,2020-09-30 13:11:23,crisp,1,130,130
1071,2020-09-30 13:24:10,chocolate,1,150,150
1072,2020-09-30 13:36:38,mint,1,190,190
1073,2020-09-30 13:50:37,mint,1,190,190
1074,2020-09-30 14:23:44,mint,1,190,190
1075,2020-09-30 15:03:32,mint,3,190,570
1076,2020-09-30 15:06:08,mint,4,190,760
1077,2020-09-30 15:14:55,chocolate,2,150,300
1078,2020-09-30 15:16:38,chocolate,2,150,300
1079,2020-09-30 15:33:33,chocolate,1,150,150
1080,2020-09-30 16:41:36,chocolate,1,150,150
1081,2020-09-30 16:53:23,mint,1,190,190
1082,2020-09-30 16:59:26,chocolate,4,150,600
1083,2020-09-30 17:02:44,chocolate,2,150,300
1084,2020-09-30 18:06:59,crisp,1,130,130
1085,2020-09-30 18:08:05,chocolate,1,150,150
1086,2020-09-30 18:41:38,mint,1,190,190
1087,2020-09-30 18:58:03,gum,1,110,110
1088,2020-09-30 18:59:34,chocolate,1,150,150
1089,2020-09-30 19:06:38,chocolate,1,150,150
1090,2020-09-30 19:32:22,mint,1,190,190
1091,2020-09-30 19:33:58,gum,1,110,110
1091,2020-09-30 19:33:58,chocolate,3,150,450
1091,2020-09-30 19:33:58,mint,1,190,190
1092,2020-09-30 19:42:17,mint,1,190,190
1093,2020-09-30 20:03:51,chocolate,1,150,150
1094,2020-09-30 20:20:45,crisp,1,130,130
1095,2020-09-30 20:45:25,gum,1,110,110
1096,2020-09-30 21:18:18,chocolate,4,150,600
1097,2020-09-30 21:47:33,crisp,2,130,260
